molecule number	FDA approved name	mz	smiles	mw	alogp	hba	hbd	psa	rotb	arom	alerts	qed
76	ipriflavone	183.0823	CC(C)OC1=CC2=C(C=C1)C(=O)C(=CO2)C3=CC=CC=C3  	280.323	4.2472	3	0	39.44	3	3	0	0.7197537478
		211.0771		280.323	4.2472	3	0	39.44	3	3	0	0.7197537478
		239.0694		280.323	4.2472	3	0	39.44	3	3	0	0.7197537478
		239.1153		280.323	4.2472	3	0	39.44	3	3	0	0.7197537478
		239.1482		280.323	4.2472	3	0	39.44	3	3	0	0.7197537478
		140.0531		280.323	4.2472	3	0	39.44	3	3	0	0.7197537478
