molecule number	FDA approved name	mz	smiles	mw	alogp	hba	hbd	psa	rotb	arom	alerts	qed
143	carbamazepine	193.0868	C1=CC=C2C(=C1)C=CC3=CC=CC=C3N2C(=O)N  	236.273	3.3872	1	1	46.33	0	2	0	0.7483634
		194.097		236.273	3.3872	1	1	46.33	0	2	0	0.7483634
		195.1002		236.273	3.3872	1	1	46.33	0	2	0	0.7483634
		196.1032		236.273	3.3872	1	1	46.33	0	2	0	0.7483634
		220.076		236.273	3.3872	1	1	46.33	0	2	0	0.7483634
		237.1028		236.273	3.3872	1	1	46.33	0	2	0	0.7483634
		238.1057		236.273	3.3872	1	1	46.33	0	2	0	0.7483634
		213.0655		236.273	3.3872	1	1	46.33	0	2	0	0.7483634
