molecule number	FDA approved name	mz	smiles	mw	alogp	hba	hbd	psa	rotb	arom	alerts	qed
119	mooclobemide	140.9902	Clc1ccc(cc1)C(=O)NCCN2CCOCC2	268.744	1.402	3	1	41.57	4	1	0	0.8976306233
		182.0357		268.744	1.402	3	1	41.57	4	1	0	0.8976306233
		183.0388		268.744	1.402	3	1	41.57	4	1	0	0.8976306233
		184.0328		268.744	1.402	3	1	41.57	4	1	0	0.8976306233
		185.0356		268.744	1.402	3	1	41.57	4	1	0	0.8976306233
		269.1046		268.744	1.402	3	1	41.57	4	1	0	0.8976306233
		270.1075		268.744	1.402	3	1	41.57	4	1	0	0.8976306233
		271.1013		268.744	1.402	3	1	41.57	4	1	0	0.8976306233
		100.1124		268.744	1.402	3	1	41.57	4	1	0	0.8976306233
