molecule number	FDA approved name	mz	smiles	mw	alogp	hba	hbd	psa	rotb	arom	alerts	qed
181	luteolin	153.0196	C1=CC(=C(C=C1C2=CC(=O)C3=C(C=C(C=C3O2)O)O)O)O  	286.239	2.2824	6	4	111.13	1	3	1	0.5106223468
		161.0246		286.239	2.2824	6	4	111.13	1	3	1	0.5106223468
		241.0468		286.239	2.2824	6	4	111.13	1	3	1	0.5106223468
		287.0541		286.239	2.2824	6	4	111.13	1	3	1	0.5106223468
		108.0543		286.239	2.2824	6	4	111.13	1	3	1	0.5106223468
