molecule number	FDA approved name	mz	smiles	mw	alogp	hba	hbd	psa	rotb	arom	alerts	qed
104	indomethacin	139.9971	CC1=C(C2=C(N1C(=O)C3=CC=C(C=C3)Cl)C=CC(=C2)OC)CC(=O)O  	357.793	3.92732	4	1	68.53	4	3	0	0.7678065121
		140.9902		357.793	3.92732	4	1	68.53	4	3	0	0.7678065121
		141.9943		357.793	3.92732	4	1	68.53	4	3	0	0.7678065121
		163.0751		357.793	3.92732	4	1	68.53	4	3	0	0.7678065121
		174.0901		357.793	3.92732	4	1	68.53	4	3	0	0.7678065121
		175.0923		357.793	3.92732	4	1	68.53	4	3	0	0.7678065121
		358.0818		357.793	3.92732	4	1	68.53	4	3	0	0.7678065121
		121.0642		357.793	3.92732	4	1	68.53	4	3	0	0.7678065121
