molecule number	FDA approved name	mz	smiles	mw	alogp	hba	hbd	psa	rotb	arom	alerts	qed
103	vinpocetine	266.1154	CC[C@@]12CCCN3[C@@H]1C4=C(CC3)C5=CC=CC=C5N4C(=C2)C(=O)OCC  	350.462	4.1483	3	0	34.47	3	2	1	0.780159892
		294.1412		350.462	4.1483	3	0	34.47	3	2	1	0.780159892
		308.1639		350.462	4.1483	3	0	34.47	3	2	1	0.780159892
		351.2026		350.462	4.1483	3	0	34.47	3	2	1	0.780159892
		138.9933		350.462	4.1483	3	0	34.47	3	2	1	0.780159892
