molecule number	FDA approved name	mz	smiles	mw	alogp	hba	hbd	psa	rotb	arom	alerts	qed
6	Oxaprozin	117.0692	C1=CC=C(C=C1)C2=C(OC(=N2)CCC(=O)O)C3=CC=CC=C3 	293.322	4.0258	4	1	63.33	5	3	0	0.7711850956
		206.0968		293.322	4.0258	4	1	63.33	5	3	0	0.7711850956
		234.0901		293.322	4.0258	4	1	63.33	5	3	0	0.7711850956
		276.0995		293.322	4.0258	4	1	63.33	5	3	0	0.7711850956
		294.1121		293.322	4.0258	4	1	63.33	5	3	0	0.7711850956
		45.2		293.322	4.0258	4	1	63.33	5	3	0	0.7711850956
