molecule,number,FDA,approved,name,mz,smiles,mw,alogp,hba,hbd,psa,rotb,arom,alerts,qed,pains,fsp3,cacao,half,life,logs,logd,bioconcen,igc50,lc50fm,lc50dm,npscore,chelator,Nr-ar,Nr-ar-lbd,Nr-ahr,Nr-aromatase,Nr-er,Nr-er-lbd,Nr-ppar-gamma,Sr-are,Sr-atad5,Sr-hse,Sr-mmp,Sr-p53,ld50
76,ipriflavone,183.0823,CC(C)OC1=CC2=C(C=C1)C(=O)C(=CO2)C3=CC=CC=C3  ,280.323,4.2472,3,0,39.44,3,3,0,0.7197537478,,,,0,0.167,-4.586,,,,,,,,,-0.08,0,0,0,0.8,0,1,0.8,0,0.8,0.8,0,0.4,0.4,2.42
,,211.0771,,280.323,4.2472,3,0,39.44,3,3,0,0.7197537478,,,,0,0.167,-4.586,,,,,,,,,-0.08,0,0,0,0.8,0,1,0.8,0,0.8,0.8,0,0.4,0.4,2.42
,,239.0694,,280.323,4.2472,3,0,39.44,3,3,0,0.7197537478,,,,0,0.167,-4.586,,,,,,,,,-0.08,0,0,0,0.8,0,1,0.8,0,0.8,0.8,0,0.4,0.4,2.42
,,239.1153,,280.323,4.2472,3,0,39.44,3,3,0,0.7197537478,,,,0,0.167,-4.586,,,,,,,,,-0.08,0,0,0,0.8,0,1,0.8,0,0.8,0.8,0,0.4,0.4,2.42
,,239.1482,,280.323,4.2472,3,0,39.44,3,3,0,0.7197537478,,,,0,0.167,-4.586,,,,,,,,,-0.08,0,0,0,0.8,0,1,0.8,0,0.8,0.8,0,0.4,0.4,2.42
,,140.0531,,280.323,4.2472,3,0,39.44,3,3,0,0.7197537478,,,,0,0.167,-4.586,,,,,,,,,-0.08,0,0,0,0.8,0,1,0.8,0,0.8,0.8,0,0.4,0.4,2.42
,,,,,,,,,,,,,,,,,,,,,,,,,,,-0.08,0,0,0,0.8,0,1,0.8,0,0.8,0.8,0,0.4,0.4,2.42
