molecule number	FDA approved name	mz	smiles	mw	alogp	hba	hbd	psa	rotb	arom	alerts	qed
172	aminophylline	96.0559	CN1C2=C(C(=O)N(C1=O)C)NC=N2.CN1C2=C(C(=O)N(C1=O)C)NC=N2.C(CN)N  	420.434	-3.175599999	8	4	197.4	1	4	0	0.246991
		97.0436		420.434	-3.175599999	8	4	197.4	1	4	0	0.246991
		124.0506		420.434	-3.175599999	8	4	197.4	1	4	0	0.246991
		125.0539		420.434	-3.175599999	8	4	197.4	1	4	0	0.246991
		137.0822		420.434	-3.175599999	8	4	197.4	1	4	0	0.246991
		142.0616		420.434	-3.175599999	8	4	197.4	1	4	0	0.246991
		181.0725		420.434	-3.175599999	8	4	197.4	1	4	0	0.246991
		182.0739		420.434	-3.175599999	8	4	197.4	1	4	0	0.246991
		120.0565		420.434	-3.175599999	8	4	197.4	1	4	0	0.246991
