molecule,number,FDA,approved,name,mz,smiles,mw,alogp,hba,hbd,psa,rotb,arom,alerts,qed,pains,fsp3,cacao,half,life,logs,logd,bioconcen,igc50,lc50fm,lc50dm,npscore,chelator,Nr-ar,Nr-ar-lbd,Nr-ahr,Nr-aromatase,Nr-er,Nr-er-lbd,Nr-ppar-gamma,Sr-are,Sr-atad5,Sr-hse,Sr-mmp,Sr-p53,herg
96,sulfadiazine,157.0141,C1=CN=C(N=C1)NS(=O)(=O)C2=CC=C(C=C2)N,250.283,0.8596,5,2,97.97,3,2,1,0.7871395578,,,,0,0,-5.347,,,,,,,,,-1.186,0,0,0,0,0,0.2,0,0,0,0,0,0.2,0,0.136
,,158.0043,,250.283,0.8596,5,2,97.97,3,2,1,0.7871395578,,,,0,0,-5.347,,,,,,,,,-1.186,0,0,0,0,0,0.2,0,0,0,0,0,0.2,0,0.136
,,174.0231,,250.283,0.8596,5,2,97.97,3,2,1,0.7871395578,,,,0,0,-5.347,,,,,,,,,-1.186,0,0,0,0,0,0.2,0,0,0,0,0,0.2,0,0.136
,,176.0121,,250.283,0.8596,5,2,97.97,3,2,1,0.7871395578,,,,0,0,-5.347,,,,,,,,,-1.186,0,0,0,0,0,0.2,0,0,0,0,0,0.2,0,0.136
,,185.0813,,250.283,0.8596,5,2,97.97,3,2,1,0.7871395578,,,,0,0,-5.347,,,,,,,,,-1.186,0,0,0,0,0,0.2,0,0,0,0,0,0.2,0,0.136
,,251.0607,,250.283,0.8596,5,2,97.97,3,2,1,0.7871395578,,,,0,0,-5.347,,,,,,,,,-1.186,0,0,0,0,0,0.2,0,0,0,0,0,0.2,0,0.136
,,252.0634,,250.283,0.8596,5,2,97.97,3,2,1,0.7871395578,,,,0,0,-5.347,,,,,,,,,-1.186,0,0,0,0,0,0.2,0,0,0,0,0,0.2,0,0.136
,,57.5,,250.283,0.8596,5,2,97.97,3,2,1,0.7871395578,,,,0,0,-5.347,,,,,,,,,,,,,,,,,,,,,,,
