molecule number	FDA approved name	mz	smiles	mw	alogp	hba	hbd	psa	rotb	arom	alerts	qed
94	indapamide	133.0803	CC1CC2=CC=CC=C2N1NC(=O)C3=CC(=C(C=C3)Cl)S(=O)(=O)N	365.842	2.0834	4	2	92.5	3	2	0	0.8705249451
		234.9879		365.842	2.0834	4	2	92.5	3	2	0	0.8705249451
		233.1073		365.842	2.0834	4	2	92.5	3	2	0	0.8705249451
