molecule,number,FDA,approved,name,mz,smiles,mw,alogp,hba,hbd,psa,rotb,arom,alerts,qed,pains,fsp3,cacao,half,life,logs,logd,bioconcen,igc50,lc50fm,lc50dm,npscore,chelator,Nr-ar,Nr-ar-lbd,Nr-ahr,Nr-aromatase,Nr-er,Nr-er-lbd,Nr-ppar-gamma,Sr-are,Sr-atad5,Sr-hse,Sr-mmp,Sr-p53
60,lamotrigine,186.9811, C1=CC(=C(C(=C1)Cl)Cl)C2=C(N=C(N=N2)N)N  ,256.096,2.0098,5,2,90.71,1,2,0,0.8138095129,,,,0,0,-5.33,,,,,,,,,-1.051,0,0,0,0.8,0.6,0,0.2,0,0.6,0,0.2,0.2,0.6
,,210.9816,,256.096,2.0098,5,2,90.71,1,2,0,0.8138095129,,,,0,0,-5.33,,,,,,,,,-1.051,0,0,0,0.8,0.6,0,0.2,0,0.6,0,0.2,0.2,0.6
,,212.9786,,256.096,2.0098,5,2,90.71,1,2,0,0.8138095129,,,,0,0,-5.33,,,,,,,,,-1.051,0,0,0,0.8,0.6,0,0.2,0,0.6,0,0.2,0.2,0.6
,,220.0377,,256.096,2.0098,5,2,90.71,1,2,0,0.8138095129,,,,0,0,-5.33,,,,,,,,,-1.051,0,0,0,0.8,0.6,0,0.2,0,0.6,0,0.2,0.2,0.6
,,256.0153,,256.096,2.0098,5,2,90.71,1,2,0,0.8138095129,,,,0,0,-5.33,,,,,,,,,-1.051,0,0,0,0.8,0.6,0,0.2,0,0.6,0,0.2,0.2,0.6
,,257.0172,,256.096,2.0098,5,2,90.71,1,2,0,0.8138095129,,,,0,0,-5.33,,,,,,,,,-1.051,0,0,0,0.8,0.6,0,0.2,0,0.6,0,0.2,0.2,0.6
,,258.0119,,256.096,2.0098,5,2,90.71,1,2,0,0.8138095129,,,,0,0,-5.33,,,,,,,,,-1.051,0,0,0,0.8,0.6,0,0.2,0,0.6,0,0.2,0.2,0.6
,,42.1,,256.096,2.0098,5,2,90.71,1,2,0,0.8138095129,,,,0,0,-5.33,,,,,,,,,-1.051,0,0,0,0.8,0.6,0,0.2,0,0.6,0,0.2,0.2,0.6
,,,,,,,,,,,,,,,,,,,,,,,,,,,-1.051,0,0,0,0.8,0.6,0,0.2,0,0.6,0,0.2,0.2,0.6
