molecule number	FDA approved name	mz	smiles	mw	alogp	hba	hbd	psa	rotb	arom	alerts	qed
26	Gemcitabine	144.9908	C1=CN(C(=O)N=C1N)[C@H]2C([C@@H]([C@H](O2)CO)O)(F)F  	263.2	-1.2886	6	3	110.6	2	1	0	0.6120873727
		163.0019		263.2	-1.2886	6	3	110.6	2	1	0	0.6120873727
		42.1		263.2	-1.2886	6	3	110.6	2	1	0	0.6120873727
