molecule,number,FDA,approved,name,mz,smiles,mw,alogp,hba,hbd,psa,rotb,arom,alerts,qed,pains,fsp3,cacao,half,life,logs,logd,bioconcen,igc50,lc50fm,lc50dm,npscore,chelator,Nr-ar,Nr-ar-lbd,Nr-ahr,Nr-aromatase,Nr-er,Nr-er-lbd,Nr-ppar-gamma,Sr-are,Sr-atad5,Sr-hse,Sr-mmp,Sr-p53
112,chloramphenicol,146.0548,C1=CC(=CC=C1[C@H]([C@@H](CO)NC(=O)C(Cl)Cl)O)[N+](=O)[O-]  ,323.132,0.908999999,5,3,112.7,6,1,3,0.409070928,,,,0,0.364,-5.454,,,,,,,,,-0.112,0,1,0.6,0,0,0.2,0,0,0.4,0.2,0,0.2,0
,,148.058,,323.132,0.908999999,5,3,112.7,6,1,3,0.409070928,,,,0,0.364,-5.454,,,,,,,,,-0.112,0,1,0.6,0,0,0.2,0,0,0.4,0.2,0,0.2,0
,,165.0664,,323.132,0.908999999,5,3,112.7,6,1,3,0.409070928,,,,0,0.364,-5.454,,,,,,,,,-0.112,0,1,0.6,0,0,0.2,0,0,0.4,0.2,0,0.2,0
,,206.0357,,323.132,0.908999999,5,3,112.7,6,1,3,0.409070928,,,,0,0.364,-5.454,,,,,,,,,-0.112,0,1,0.6,0,0,0.2,0,0,0.4,0.2,0,0.2,0
,,241.0155,,323.132,0.908999999,5,3,112.7,6,1,3,0.409070928,,,,0,0.364,-5.454,,,,,,,,,-0.112,0,1,0.6,0,0,0.2,0,0,0.4,0.2,0,0.2,0
,,257.9915,,323.132,0.908999999,5,3,112.7,6,1,3,0.409070928,,,,0,0.364,-5.454,,,,,,,,,-0.112,0,1,0.6,0,0,0.2,0,0,0.4,0.2,0,0.2,0
,,274.9982,,323.132,0.908999999,5,3,112.7,6,1,3,0.409070928,,,,0,0.364,-5.454,,,,,,,,,-0.112,0,1,0.6,0,0,0.2,0,0,0.4,0.2,0,0.2,0
,,169.0038,,323.132,0.908999999,5,3,112.7,6,1,3,0.409070928,,,,0,0.364,-5.454,,,,,,,,,-0.112,0,1,0.6,0,0,0.2,0,0,0.4,0.2,0,0.2,0
,,,,,,,,,,,,,,,,,,,,,,,,,,,-0.112,0,1,0.6,0,0,0.2,0,0,0.4,0.2,0,0.2,0
