molecule,number,FDA,approved,name,mz,smiles,mw,alogp,hba,hbd,psa,rotb,arom,alerts,qed,pains,fsp3,cacao,half,life,logs,logd,bioconcen,igc50,lc50fm,lc50dm,npscore,chelator,Nr-ar,Nr-ar-lbd,Nr-ahr,Nr-aromatase,Nr-er,Nr-er-lbd,Nr-ppar-gamma,Sr-are,Sr-atad5,Sr-hse,Sr-mmp,Sr-p53
130,biotin,167.0525,C1[C@H]2[C@@H]([C@@H](S1)CCCCC(=O)O)NC(=O)N2  ,244.316,0.7968,4,3,78.43,5,0,2,0.4934781152,,,,0,0.8,-5.665,,,,,,,,,0.021,0,0.2,0,0,0,0.2,0,0,0,0,0,0,0
,,184.0789,,244.316,0.7968,4,3,78.43,5,0,2,0.4934781152,,,,0,0.8,-5.665,,,,,,,,,0.021,0,0.2,0,0,0,0.2,0,0,0,0,0,0,0
,,199.0898,,244.316,0.7968,4,3,78.43,5,0,2,0.4934781152,,,,0,0.8,-5.665,,,,,,,,,0.021,0,0.2,0,0,0,0.2,0,0,0,0,0,0,0
,,209.0741,,244.316,0.7968,4,3,78.43,5,0,2,0.4934781152,,,,0,0.8,-5.665,,,,,,,,,0.021,0,0.2,0,0,0,0.2,0,0,0,0,0,0,0
,,227.0847,,244.316,0.7968,4,3,78.43,5,0,2,0.4934781152,,,,0,0.8,-5.665,,,,,,,,,0.021,0,0.2,0,0,0,0.2,0,0,0,0,0,0,0
,,228.0875,,244.316,0.7968,4,3,78.43,5,0,2,0.4934781152,,,,0,0.8,-5.665,,,,,,,,,0.021,0,0.2,0,0,0,0.2,0,0,0,0,0,0,0
,,229.081,,244.316,0.7968,4,3,78.43,5,0,2,0.4934781152,,,,0,0.8,-5.665,,,,,,,,,0.021,0,0.2,0,0,0,0.2,0,0,0,0,0,0,0
,,245.0952,,244.316,0.7968,4,3,78.43,5,0,2,0.4934781152,,,,0,0.8,-5.665,,,,,,,,,0.021,0,0.2,0,0,0,0.2,0,0,0,0,0,0,0
,,119.0855,,244.316,0.7968,4,3,78.43,5,0,2,0.4934781152,,,,0,0.8,-5.665,,,,,,,,,0.021,0,0.2,0,0,0,0.2,0,0,0,0,0,0,0
