molecule,number,FDA,approved,name,mz,smiles,mw,alogp,hba,hbd,psa,rotb,arom,alerts,qed,pains,fsp3,cacao,half,life,logs,logd,bioconcen,igc50,lc50fm,lc50dm,npscore,chelator,Nr-ar,Nr-ar-lbd,Nr-ahr,Nr-aromatase,Nr-er,Nr-er-lbd,Nr-ppar-gamma,Sr-are,Sr-atad5,Sr-hse,Sr-mmp,Sr-p53
165,dibucaine,100.1131,CCCCOC1=NC2=CC=CC=C2C(=C1)C(=O)NCCN(CC)CC  ,343.471,3.4853,4,1,54.46,10,2,1,0.6711145343,,,,0,0.5,-4.827,,,,,,,,,-1.529,0,0,0,0.8,0,0.2,0,0,0,0,0,0,0
,,116.0502,,343.471,3.4853,4,1,54.46,10,2,1,0.6711145343,,,,0,0.5,-4.827,,,,,,,,,-1.529,0,0,0,0.8,0,0.2,0,0,0,0,0,0,0
,,144.0451,,343.471,3.4853,4,1,54.46,10,2,1,0.6711145343,,,,0,0.5,-4.827,,,,,,,,,-1.529,0,0,0,0.8,0,0.2,0,0,0,0,0,0,0
,,215.0826,,343.471,3.4853,4,1,54.46,10,2,1,0.6711145343,,,,0,0.5,-4.827,,,,,,,,,-1.529,0,0,0,0.8,0,0.2,0,0,0,0,0,0,0
,,241.2368,,343.471,3.4853,4,1,54.46,10,2,1,0.6711145343,,,,0,0.5,-4.827,,,,,,,,,-1.529,0,0,0,0.8,0,0.2,0,0,0,0,0,0,0
,,271.146,,343.471,3.4853,4,1,54.46,10,2,1,0.6711145343,,,,0,0.5,-4.827,,,,,,,,,-1.529,0,0,0,0.8,0,0.2,0,0,0,0,0,0,0
,,288.1723,,343.471,3.4853,4,1,54.46,10,2,1,0.6711145343,,,,0,0.5,-4.827,,,,,,,,,-1.529,0,0,0,0.8,0,0.2,0,0,0,0,0,0,0
,,344.2333,,343.471,3.4853,4,1,54.46,10,2,1,0.6711145343,,,,0,0.5,-4.827,,,,,,,,,-1.529,0,0,0,0.8,0,0.2,0,0,0,0,0,0,0
,,118.0644,,343.471,3.4853,4,1,54.46,10,2,1,0.6711145343,,,,0,0.5,-4.827,,,,,,,,,-1.529,0,0,0,0.8,0,0.2,0,0,0,0,0,0,0
