molecule number	FDA approved name	mz	smiles	mw	alogp	hba	hbd	psa	rotb	arom	alerts	qed
120	hycanthone	101.1156	CCN(CC)CCNC1=C2C(=C(C=C1)CO)SC3=CC=CC=C3C2=O  	356.491	3.6607	4	2	52.57	7	3	1	0.6345068076
		254.0633		356.491	3.6607	4	2	52.57	7	3	1	0.6345068076
		255.0664		356.491	3.6607	4	2	52.57	7	3	1	0.6345068076
		284.074		356.491	3.6607	4	2	52.57	7	3	1	0.6345068076
		285.077		356.491	3.6607	4	2	52.57	7	3	1	0.6345068076
		357.1635		356.491	3.6607	4	2	52.57	7	3	1	0.6345068076
		358.1666		356.491	3.6607	4	2	52.57	7	3	1	0.6345068076
		359.162		356.491	3.6607	4	2	52.57	7	3	1	0.6345068076
		123.0242		356.491	3.6607	4	2	52.57	7	3	1	0.6345068076
