molecule,number,FDA,approved,name,mz,smiles,mw,alogp,hba,hbd,psa,rotb,arom,alerts,qed,pains,fsp3,cacao,half,life,logs,logd,bioconcen,igc50,lc50fm,lc50dm,npscore,chelator,Nr-ar,Nr-ar-lbd,Nr-ahr,Nr-aromatase,Nr-er,Nr-er-lbd,Nr-ppar-gamma,Sr-are,Sr-atad5,Sr-hse,Sr-mmp,Sr-p53
182,theobromine,110.0707,CN1C=NC2=C1C(=O)NC(=O)N2C  ,180.1669999999,-1.0397,3,1,72.68,0,2,0,0.5624722358,,,,0,0.286,-5.332,,,,,,,,,-1.114,0,0,0,0,0,0,0,0,0,0,0,0,0
,,135.0664,,180.1669999999,-1.0397,3,1,72.68,0,2,0,0.5624722358,,,,0,0.286,-5.332,,,,,,,,,-1.114,0,0,0,0,0,0,0,0,0,0,0,0,0
,,137.0823,,180.1669999999,-1.0397,3,1,72.68,0,2,0,0.5624722358,,,,0,0.286,-5.332,,,,,,,,,-1.114,0,0,0,0,0,0,0,0,0,0,0,0,0
,,138.0642,,180.1669999999,-1.0397,3,1,72.68,0,2,0,0.5624722358,,,,0,0.286,-5.332,,,,,,,,,-1.114,0,0,0,0,0,0,0,0,0,0,0,0,0
,,138.0709,,180.1669999999,-1.0397,3,1,72.68,0,2,0,0.5624722358,,,,0,0.286,-5.332,,,,,,,,,-1.114,0,0,0,0,0,0,0,0,0,0,0,0,0
,,163.0588,,180.1669999999,-1.0397,3,1,72.68,0,2,0,0.5624722358,,,,0,0.286,-5.332,,,,,,,,,-1.114,0,0,0,0,0,0,0,0,0,0,0,0,0
,,181.0716,,180.1669999999,-1.0397,3,1,72.68,0,2,0,0.5624722358,,,,0,0.286,-5.332,,,,,,,,,-1.114,0,0,0,0,0,0,0,0,0,0,0,0,0
,,174.0898,,180.1669999999,-1.0397,3,1,72.68,0,2,0,0.5624722358,,,,0,0.286,-5.332,,,,,,,,,-1.114,0,0,0,0,0,0,0,0,0,0,0,0,0
