molecule number	FDA approved name	mz	smiles	mw	alogp	hba	hbd	psa	rotb	arom	alerts	qed
102	clotrimazole	166.0721	C1=CC=C(C=C1)C(C2=CC=CC=C2)(C3=CC=CC=C3Cl)N4C=CN=C4  	344.845	5.3767	1	0	17.82	4	4	1	0.4545449847
		241.1007		344.845	5.3767	1	0	17.82	4	4	1	0.4545449847
		242.1082		344.845	5.3767	1	0	17.82	4	4	1	0.4545449847
		277.0778		344.845	5.3767	1	0	17.82	4	4	1	0.4545449847
		278.0813		344.845	5.3767	1	0	17.82	4	4	1	0.4545449847
		279.075		344.845	5.3767	1	0	17.82	4	4	1	0.4545449847
		280.0776		344.845	5.3767	1	0	17.82	4	4	1	0.4545449847
		327.0781		344.845	5.3767	1	0	17.82	4	4	1	0.4545449847
		104.9927		344.845	5.3767	1	0	17.82	4	4	1	0.4545449847
