molecule,number,FDA,approved,name,mz,smiles,mw,alogp,hba,hbd,psa,rotb,arom,alerts,qed,pains,fsp3,cacao,half,life,logs,logd,bioconcen,igc50,lc50fm,lc50dm,npscore,chelator,Nr-ar,Nr-ar-lbd,Nr-ahr,Nr-aromatase,Nr-er,Nr-er-lbd,Nr-ppar-gamma,Sr-are,Sr-atad5,Sr-hse,Sr-mmp,Sr-p53,herg,hepatotox,ames,skin,dili
21,Bifonazole,228.0924,C1=CC=C(C=C1)C2=CC=C(C=C2)C(C3=CC=CC=C3)N4C=CN=C4  ,310.4,5.1878,1,0,17.82,4,4,0,0.5071355444,,,,0,0.045,-4.401,,,,,,,,,-0.67,0,0,0,0.6,1,0.8,0.8,0,0.4,0,0.8,0.8,0.4,0.825,0.74,0.508,0.536,0.754
,,243.1171,,310.4,5.1878,1,0,17.82,4,4,0,0.5071355444,,,,0,0.045,-4.401,,,,,,,,,-0.67,0,0,0,0.6,1,0.8,0.8,0,0.4,0,0.8,0.8,0.4,0.825,0.74,0.508,0.536,0.754
,,244.1197,,310.4,5.1878,1,0,17.82,4,4,0,0.5071355444,,,,0,0.045,-4.401,,,,,,,,,-0.67,0,0,0,0.6,1,0.8,0.8,0,0.4,0,0.8,0.8,0.4,0.825,0.74,0.508,0.536,0.754
,,245.1229,,310.4,5.1878,1,0,17.82,4,4,0,0.5071355444,,,,0,0.045,-4.401,,,,,,,,,-0.67,0,0,0,0.6,1,0.8,0.8,0,0.4,0,0.8,0.8,0.4,0.825,0.74,0.508,0.536,0.754
,,202.071,,310.4,5.1878,1,0,17.82,4,4,0,0.5071355444,,,,0,0.045,-4.401,,,,,,,,,-0.67,0,0,0,0.6,1,0.8,0.8,0,0.4,0,0.8,0.8,0.4,0.825,0.74,0.508,0.536,0.754
