molecule number	FDA approved name	mz	smiles	mw	alogp	hba	hbd	psa	rotb	arom	alerts	qed
99	albendazole	192.0213	CCCSC1=CC2=C(C=C1)N=C(N2)NC(=O)OC  	265.338	3.2433	4	2	67.01	4	2	1	0.8327124145
		234.0693		265.338	3.2433	4	2	67.01	4	2	1	0.8327124145
		235.0718		265.338	3.2433	4	2	67.01	4	2	1	0.8327124145
		236.0657		265.338	3.2433	4	2	67.01	4	2	1	0.8327124145
		266.0956		265.338	3.2433	4	2	67.01	4	2	1	0.8327124145
		267.0985		265.338	3.2433	4	2	67.01	4	2	1	0.8327124145
		268.0921		265.338	3.2433	4	2	67.01	4	2	1	0.8327124145
		117.0689		265.338	3.2433	4	2	67.01	4	2	1	0.8327124145
