molecule,number,FDA,approved,name,mz,smiles,mw,alogp,hba,hbd,psa,rotb,arom,alerts,qed,pains,fsp3,cacao,half,life,logs,logd,bioconcen,igc50,lc50fm,lc50dm,npscore,chelator,Nr-ar,Nr-ar-lbd,Nr-ahr,Nr-aromatase,Nr-er,Nr-er-lbd,Nr-ppar-gamma,Sr-are,Sr-atad5,Sr-hse,Sr-mmp,Sr-p53
101,praziquantel,146.0965, C1CCC(CC1)C(=O)N2CC3C4=CC=CC=C4CCN3C(=O)C2  ,312.413,2.5349,2,0,40.62,1,1,0,0.7993674496,,,,0,0.579,-4.886,,,,,,,,,-0.813,0,0.6,0,0.2,0,0.2,0,0.2,0.4,0,0,0,0
,,175.1229,,312.413,2.5349,2,0,40.62,1,1,0,0.7993674496,,,,0,0.579,-4.886,,,,,,,,,-0.813,0,0.6,0,0.2,0,0.2,0,0.2,0.4,0,0,0,0
,,203.1179,,312.413,2.5349,2,0,40.62,1,1,0,0.7993674496,,,,0,0.579,-4.886,,,,,,,,,-0.813,0,0.6,0,0.2,0,0.2,0,0.2,0.4,0,0,0,0
,,204.1209,,312.413,2.5349,2,0,40.62,1,1,0,0.7993674496,,,,0,0.579,-4.886,,,,,,,,,-0.813,0,0.6,0,0.2,0,0.2,0,0.2,0.4,0,0,0,0
,,285.1959,,312.413,2.5349,2,0,40.62,1,1,0,0.7993674496,,,,0,0.579,-4.886,,,,,,,,,-0.813,0,0.6,0,0.2,0,0.2,0,0.2,0.4,0,0,0,0
,,313.1909,,312.413,2.5349,2,0,40.62,1,1,0,0.7993674496,,,,0,0.579,-4.886,,,,,,,,,-0.813,0,0.6,0,0.2,0,0.2,0,0.2,0.4,0,0,0,0
,,314.1941,,312.413,2.5349,2,0,40.62,1,1,0,0.7993674496,,,,0,0.579,-4.886,,,,,,,,,-0.813,0,0.6,0,0.2,0,0.2,0,0.2,0.4,0,0,0,0
,,165.0688,,312.413,2.5349,2,0,40.62,1,1,0,0.7993674496,,,,0,0.579,-4.886,,,,,,,,,-0.813,0,0.6,0,0.2,0,0.2,0,0.2,0.4,0,0,0,0
