molecule,number,FDA,approved,name,mz,smiles,mw,alogp,hba,hbd,psa,rotb,arom,alerts,qed,pains,fsp3,cacao,half,life,logs,logd,bioconcen,igc50,lc50fm,lc50dm,npscore,chelator,Nr-ar,Nr-ar-lbd,Nr-ahr,Nr-aromatase,Nr-er,Nr-er-lbd,Nr-ppar-gamma,Sr-are,Sr-atad5,Sr-hse,Sr-mmp,Sr-p53
36,celecoxib,302.1011,CC1=CC=C(C=C1)C2=CC(=NN2C3=CC=C(C=C3)S(=O)(=O)N)C(F)(F)F  ,308.333,3.6096,4,1,67.51,4,3,1,0.7476258148,,,,0,0.118,-4.767,,,,,,,,,-1.566,0,0,0,0.2,0.2,0.8,0,0,0.8,0,0,0.6,0.2
,,303.1093,,308.333,3.6096,4,1,67.51,4,3,1,0.7476258148,,,,0,0.118,-4.767,,,,,,,,,-1.566,0,0,0,0.2,0.2,0.8,0,0,0.8,0,0,0.6,0.2
,,332.0777,,308.333,3.6096,4,1,67.51,4,3,1,0.7476258148,,,,0,0.118,-4.767,,,,,,,,,-1.566,0,0,0,0.2,0.2,0.8,0,0,0.8,0,0,0.6,0.2
,,362.0775,,308.333,3.6096,4,1,67.51,4,3,1,0.7476258148,,,,0,0.118,-4.767,,,,,,,,,-1.566,0,0,0,0.2,0.2,0.8,0,0,0.8,0,0,0.6,0.2
,,363.0779,,308.333,3.6096,4,1,67.51,4,3,1,0.7476258148,,,,0,0.118,-4.767,,,,,,,,,-1.566,0,0,0,0.2,0.2,0.8,0,0,0.8,0,0,0.6,0.2
,,382.0832,,308.333,3.6096,4,1,67.51,4,3,1,0.7476258148,,,,0,0.118,-4.767,,,,,,,,,-1.566,0,0,0,0.2,0.2,0.8,0,0,0.8,0,0,0.6,0.2
,,383.0857,,308.333,3.6096,4,1,67.51,4,3,1,0.7476258148,,,,0,0.118,-4.767,,,,,,,,,-1.566,0,0,0,0.2,0.2,0.8,0,0,0.8,0,0,0.6,0.2
,,384.0823,,308.333,3.6096,4,1,67.51,4,3,1,0.7476258148,,,,0,0.118,-4.767,,,,,,,,,-1.566,0,0,0,0.2,0.2,0.8,0,0,0.8,0,0,0.6,0.2
,,116.1061,,308.333,3.6096,4,1,67.51,4,3,1,0.7476258148,,,,0,0.118,-4.767,,,,,,,,,-1.566,0,0,0,0.2,0.2,0.8,0,0,0.8,0,0,0.6,0.2
