molecule,number,FDA,approved,name,mz,smiles,mw,alogp,hba,hbd,psa,rotb,arom,alerts,qed,pains,fsp3,cacao,half,life,logs,logd,bioconcen,igc50,lc50fm,lc50dm,npscore,chelator,Nr-ar,Nr-ar-lbd,Nr-ahr,Nr-aromatase,Nr-er,Nr-er-lbd,Nr-ppar-gamma,Sr-are,Sr-atad5,Sr-hse,Sr-mmp,Sr-p53
104,indomethacin,139.9971,CC1=C(C2=C(N1C(=O)C3=CC=C(C=C3)Cl)C=CC(=C2)OC)CC(=O)O  ,357.793,3.92732,4,1,68.53,4,3,0,0.7678065121,,,,0,0.158,-4.748,,,,,,,,,-0.721,0,0,0,0.8,0.2,0.4,0,1,0.2,1,1,0.2,0.4
,,140.9902,,357.793,3.92732,4,1,68.53,4,3,0,0.7678065121,,,,0,0.158,-4.748,,,,,,,,,-0.721,0,0,0,0.8,0.2,0.4,0,1,0.2,1,1,0.2,0.4
,,141.9943,,357.793,3.92732,4,1,68.53,4,3,0,0.7678065121,,,,0,0.158,-4.748,,,,,,,,,-0.721,0,0,0,0.8,0.2,0.4,0,1,0.2,1,1,0.2,0.4
,,163.0751,,357.793,3.92732,4,1,68.53,4,3,0,0.7678065121,,,,0,0.158,-4.748,,,,,,,,,-0.721,0,0,0,0.8,0.2,0.4,0,1,0.2,1,1,0.2,0.4
,,174.0901,,357.793,3.92732,4,1,68.53,4,3,0,0.7678065121,,,,0,0.158,-4.748,,,,,,,,,-0.721,0,0,0,0.8,0.2,0.4,0,1,0.2,1,1,0.2,0.4
,,175.0923,,357.793,3.92732,4,1,68.53,4,3,0,0.7678065121,,,,0,0.158,-4.748,,,,,,,,,-0.721,0,0,0,0.8,0.2,0.4,0,1,0.2,1,1,0.2,0.4
,,358.0818,,357.793,3.92732,4,1,68.53,4,3,0,0.7678065121,,,,0,0.158,-4.748,,,,,,,,,-0.721,0,0,0,0.8,0.2,0.4,0,1,0.2,1,1,0.2,0.4
,,121.0642,,357.793,3.92732,4,1,68.53,4,3,0,0.7678065121,,,,0,0.158,-4.748,,,,,,,,,-0.721,0,0,0,0.8,0.2,0.4,0,1,0.2,1,1,0.2,0.4
