molecule,number,FDA,approved,name,mz,smiles,mw,alogp,hba,hbd,psa,rotb,arom,alerts,qed,pains,fsp3,cacao,half,life,logs,logd,bioconcen,igc50,lc50fm,lc50dm,npscore,chelator,Nr-ar,Nr-ar-lbd,Nr-ahr,Nr-aromatase,Nr-er,Nr-er-lbd,Nr-ppar-gamma,Sr-are,Sr-atad5,Sr-hse,Sr-mmp,Sr-p53
99,albendazole,192.0213,CCCSC1=CC2=C(C=C1)N=C(N2)NC(=O)OC  ,265.338,3.2433,4,2,67.01,4,2,1,0.8327124145,,,,0,0.333,-4.524,,,,,,,,,-1.286,0,0,0,1,0.2,0.2,0,0,0,0.4,0,0.2,0.8
,,234.0693,,265.338,3.2433,4,2,67.01,4,2,1,0.8327124145,,,,0,0.333,-4.524,,,,,,,,,-1.286,0,0,0,1,0.2,0.2,0,0,0,0.4,0,0.2,0.8
,,235.0718,,265.338,3.2433,4,2,67.01,4,2,1,0.8327124145,,,,0,0.333,-4.524,,,,,,,,,-1.286,0,0,0,1,0.2,0.2,0,0,0,0.4,0,0.2,0.8
,,236.0657,,265.338,3.2433,4,2,67.01,4,2,1,0.8327124145,,,,0,0.333,-4.524,,,,,,,,,-1.286,0,0,0,1,0.2,0.2,0,0,0,0.4,0,0.2,0.8
,,266.0956,,265.338,3.2433,4,2,67.01,4,2,1,0.8327124145,,,,0,0.333,-4.524,,,,,,,,,-1.286,0,0,0,1,0.2,0.2,0,0,0,0.4,0,0.2,0.8
,,267.0985,,265.338,3.2433,4,2,67.01,4,2,1,0.8327124145,,,,0,0.333,-4.524,,,,,,,,,-1.286,0,0,0,1,0.2,0.2,0,0,0,0.4,0,0.2,0.8
,,268.0921,,265.338,3.2433,4,2,67.01,4,2,1,0.8327124145,,,,0,0.333,-4.524,,,,,,,,,-1.286,0,0,0,1,0.2,0.2,0,0,0,0.4,0,0.2,0.8
,,117.0689,,265.338,3.2433,4,2,67.01,4,2,1,0.8327124145,,,,0,0.333,-4.524,,,,,,,,,-1.286,0,0,0,1,0.2,0.2,0,0,0,0.4,0,0.2,0.8
,,,,,,,,,,,,,,,,,,,,,,,,,,,-1.286,0,0,0,1,0.2,0.2,0,0,0,0.4,0,0.2,0.8
