molecule number	FDA approved name	mz	smiles	mw	alogp	hba	hbd	psa	rotb	arom	alerts	qed
17	Anastrozole	171.0986	CC(C)(C#N)C1=CC(=CC(=C1)CN2C=NC=N2)C(C)(C)C#N  	293.374	2.92876	14	0	78.29	4	2	0	0.8678513138
		184.1113		293.374	2.92876	14	0	78.29	4	2	0	0.8678513138
		185.1144		293.374	2.92876	14	0	78.29	4	2	0	0.8678513138
		212.1063		293.374	2.92876	14	0	78.29	4	2	0	0.8678513138
		213.1096		293.374	2.92876	14	0	78.29	4	2	0	0.8678513138
		292.1468		293.374	2.92876	14	0	78.29	4	2	0	0.8678513138
