molecule,number,FDA,approved,name,mz,smiles,mw,alogp,hba,hbd,psa,rotb,arom,alerts,qed,pains,fsp3,cacao,half,life,logs,logd,bioconcen,igc50,lc50fm,lc50dm,npscore,chelator,Nr-ar,Nr-ar-lbd,Nr-ahr,Nr-aromatase,Nr-er,Nr-er-lbd,Nr-ppar-gamma,Sr-are,Sr-atad5,Sr-hse,Sr-mmp,Sr-p53
122,colchicine,358.1647,CC(=O)N[C@H]1CCC2=CC(=C(C(=C2C3=CC=C(C(=O)C=C13)OC)OC)OC)OC ,399.443,2.8716,6,1,83.09,5,2,0,0.8325220081,,,,0,0.364,-4.712,,,,,,,,,0.755,0,0.2,0,0.6,0.6,0.4,0,0.4,0.8,1,0.2,0.6,1
,,382.1645,,399.443,2.8716,6,1,83.09,5,2,0,0.8325220081,,,,0,0.364,-4.712,,,,,,,,,0.755,0,0.2,0,0.6,0.6,0.4,0,0.4,0.8,1,0.2,0.6,1
,,400.1755,,399.443,2.8716,6,1,83.09,5,2,0,0.8325220081,,,,0,0.364,-4.712,,,,,,,,,0.755,0,0.2,0,0.6,0.6,0.4,0,0.4,0.8,1,0.2,0.6,1
,,401.1786,,399.443,2.8716,6,1,83.09,5,2,0,0.8325220081,,,,0,0.364,-4.712,,,,,,,,,0.755,0,0.2,0,0.6,0.6,0.4,0,0.4,0.8,1,0.2,0.6,1
,,402.1811,,399.443,2.8716,6,1,83.09,5,2,0,0.8325220081,,,,0,0.364,-4.712,,,,,,,,,0.755,0,0.2,0,0.6,0.6,0.4,0,0.4,0.8,1,0.2,0.6,1
,,115.028,,399.443,2.8716,6,1,83.09,5,2,0,0.8325220081,,,,0,0.364,-4.712,,,,,,,,,0.755,0,0.2,0,0.6,0.6,0.4,0,0.4,0.8,1,0.2,0.6,1
