molecule number	FDA approved name	mz	smiles	mw	alogp	hba	hbd	psa	rotb	arom	alerts	qed
22	Bosentan	280.0833	CC(C)(C)C1=CC=C(C=C1)S(=O)(=O)NC2=C(C(=NC(=N2)C3=NC=CC=N3)OCCO)OC4=CC=CC=C4OC  	551.625	4.2039	10	2	145.65	10	4	0	0.2939150655
		311.1005		551.625	4.2039	10	2	145.65	10	4	0	0.2939150655
		508.1642		551.625	4.2039	10	2	145.65	10	4	0	0.2939150655
		509.1678		551.625	4.2039	10	2	145.65	10	4	0	0.2939150655
		552.1911		551.625	4.2039	10	2	145.65	10	4	0	0.2939150655
		553.1943		551.625	4.2039	10	2	145.65	10	4	0	0.2939150655
		110.072		551.625	4.2039	10	2	145.65	10	4	0	0.2939150655
