molecule number	FDA approved name	mz	smiles	mw	alogp	hba	hbd	psa	rotb	arom	alerts	qed
92	mebendazole	265.0806	COC(=O)NC1=NC2=C(N1)C=C(C=C2)C(=O)C3=CC=CC=C3 	295.298	2.9722	4	2	84.0799999999	3	3	1	0.72749043
		266.0827		295.298	2.9722	4	2	84.0799999999	3	3	1	0.72749043
		296.1031		295.298	2.9722	4	2	84.0799999999	3	3	1	0.72749043
		297.107		295.298	2.9722	4	2	84.0799999999	3	3	1	0.72749043
		177.0526		295.298	2.9722	4	2	84.0799999999	3	3	1	0.72749043
