molecule,number,FDA,approved,name,mz,smiles,mw,alogp,hba,hbd,psa,rotb,arom,alerts,qed,pains,fsp3,cacao,half,life,logs,logd,bioconcen,igc50,lc50fm,lc50dm,npscore,chelator,Nr-ar,Nr-ar-lbd,Nr-ahr,Nr-aromatase,Nr-er,Nr-er-lbd,Nr-ppar-gamma,Sr-are,Sr-atad5,Sr-hse,Sr-mmp,Sr-p53
143,carbamazepine,193.0868,C1=CC=C2C(=C1)C=CC3=CC=CC=C3N2C(=O)N  ,236.273,3.3872,1,1,46.33,0,2,0,0.7483634,,,,0,0,-4.838,,,,,,,,,-0.133,0,0.2,0,0.8,0,0.8,0,0,0.2,0.8,0.2,0.6,0.4
,,194.097,,236.273,3.3872,1,1,46.33,0,2,0,0.7483634,,,,0,0,-4.838,,,,,,,,,-0.133,0,0.2,0,0.8,0,0.8,0,0,0.2,0.8,0.2,0.6,0.4
,,195.1002,,236.273,3.3872,1,1,46.33,0,2,0,0.7483634,,,,0,0,-4.838,,,,,,,,,-0.133,0,0.2,0,0.8,0,0.8,0,0,0.2,0.8,0.2,0.6,0.4
,,196.1032,,236.273,3.3872,1,1,46.33,0,2,0,0.7483634,,,,0,0,-4.838,,,,,,,,,-0.133,0,0.2,0,0.8,0,0.8,0,0,0.2,0.8,0.2,0.6,0.4
,,220.076,,236.273,3.3872,1,1,46.33,0,2,0,0.7483634,,,,0,0,-4.838,,,,,,,,,-0.133,0,0.2,0,0.8,0,0.8,0,0,0.2,0.8,0.2,0.6,0.4
,,237.1028,,236.273,3.3872,1,1,46.33,0,2,0,0.7483634,,,,0,0,-4.838,,,,,,,,,-0.133,0,0.2,0,0.8,0,0.8,0,0,0.2,0.8,0.2,0.6,0.4
,,238.1057,,236.273,3.3872,1,1,46.33,0,2,0,0.7483634,,,,0,0,-4.838,,,,,,,,,-0.133,0,0.2,0,0.8,0,0.8,0,0,0.2,0.8,0.2,0.6,0.4
,,213.0655,,236.273,3.3872,1,1,46.33,0,2,0,0.7483634,,,,0,0,-4.838,,,,,,,,,-0.133,0,0.2,0,0.8,0,0.8,0,0,0.2,0.8,0.2,0.6,0.4
,,,,,,,,,,,,,,,,,,,,,,,,,,,-0.133,0,0.2,0,0.8,0,0.8,0,0,0.2,0.8,0.2,0.6,0.4
