molecule number	FDA approved name	mz	smiles	mw	alogp	hba	hbd	psa	rotb	arom	alerts	qed
50	Norgestimate	311.2193	 CC[C@]12CC[C@H]3[C@H]([C@@H]1CC[C@]2(C#C)OC(=O)C)CCC4=C/C(=N/O)/CC[C@H]34 	369.505	4.7145	3	1	58.89	2	0	4	0.3316970025
		370.2379		369.505	4.7145	3	1	58.89	2	0	4	0.3316970025
		371.2413		369.505	4.7145	3	1	58.89	2	0	4	0.3316970025
		372.244		369.505	4.7145	3	1	58.89	2	0	4	0.3316970025
		56.0478		369.505	4.7145	3	1	58.89	2	0	4	0.3316970025
