molecule number	FDA approved name	mz	smiles	mw	alogp	hba	hbd	psa	rotb	arom	alerts	qed
165	dibucaine	100.1131	CCCCOC1=NC2=CC=CC=C2C(=C1)C(=O)NCCN(CC)CC  	343.471	3.4853	4	1	54.46	10	2	1	0.6711145343
		116.0502		343.471	3.4853	4	1	54.46	10	2	1	0.6711145343
		144.0451		343.471	3.4853	4	1	54.46	10	2	1	0.6711145343
		215.0826		343.471	3.4853	4	1	54.46	10	2	1	0.6711145343
		241.2368		343.471	3.4853	4	1	54.46	10	2	1	0.6711145343
		271.146		343.471	3.4853	4	1	54.46	10	2	1	0.6711145343
		288.1723		343.471	3.4853	4	1	54.46	10	2	1	0.6711145343
		344.2333		343.471	3.4853	4	1	54.46	10	2	1	0.6711145343
		118.0644		343.471	3.4853	4	1	54.46	10	2	1	0.6711145343
