molecule,number,FDA,approved,name,mz,smiles,mw,alogp,hba,hbd,psa,rotb,arom,alerts,qed,pains,fsp3,cacao,half,life,logs,logd,bioconcen,igc50,lc50fm,lc50dm,npscore,chelator,Nr-ar,Nr-ar-lbd,Nr-ahr,Nr-aromatase,Nr-er,Nr-er-lbd,Nr-ppar-gamma,Sr-are,Sr-atad5,Sr-hse,Sr-mmp,Sr-p53
186,niacin,80.0499, C1=CC(=CN=C1)C(=O)O,123.11099999,0.77979999,3,1,50.19,1,1,0,0.5998689433,,,,0,0,-5.316,,,,,,,,,-0.711,0,0,0,0,0,0,0,0,0,0,0,0,0
,,96.0447,,123.11099999,0.77979999,3,1,50.19,1,1,0,0.5998689433,,,,0,0,-5.316,,,,,,,,,-0.711,0,0,0,0,0,0,0,0,0,0,0,0,0
,,106.0289,,123.11099999,0.77979999,3,1,50.19,1,1,0,0.5998689433,,,,0,0,-5.316,,,,,,,,,-0.711,0,0,0,0,0,0,0,0,0,0,0,0,0
,,124.0396,,123.11099999,0.77979999,3,1,50.19,1,1,0,0.5998689433,,,,0,0,-5.316,,,,,,,,,-0.711,0,0,0,0,0,0,0,0,0,0,0,0,0
,,125.0428,,123.11099999,0.77979999,3,1,50.19,1,1,0,0.5998689433,,,,0,0,-5.316,,,,,,,,,-0.711,0,0,0,0,0,0,0,0,0,0,0,0,0
,,121.027,,123.11099999,0.77979999,3,1,50.19,1,1,0,0.5998689433,,,,0,0,-5.316,,,,,,,,,-0.711,0,0,0,0,0,0,0,0,0,0,0,0,0
