molecule,number,FDA,approved,name,mz,smiles,mw,alogp,hba,hbd,psa,rotb,arom,alerts,qed,pains,fsp3,cacao,half,life,logs,logd,bioconcen,igc50,lc50fm,lc50dm,npscore,chelator,Nr-ar,Nr-ar-lbd,Nr-ahr,Nr-aromatase,Nr-er,Nr-er-lbd,Nr-ppar-gamma,Sr-are,Sr-atad5,Sr-hse,Sr-mmp,Sr-p53
91,gemfibrozil,129.09,CC1=CC(=C(C=C1)C)OCCCC(C)(C)C(=O)O ,250.338,3.57324,3,1,46.53,6,1,1,0.7849558,,,,0,0.533,-4.87,,,,,,,,,-0.356,0,0.6,0,0,0,0.2,0,0.4,0,0,0.2,0,0
,,130.0924,,250.338,3.57324,3,1,46.53,6,1,1,0.7849558,,,,0,0.533,-4.87,,,,,,,,,-0.356,0,0.6,0,0,0,0.2,0,0.4,0,0,0.2,0,0
,,135.0791,,250.338,3.57324,3,1,46.53,6,1,1,0.7849558,,,,0,0.533,-4.87,,,,,,,,,-0.356,0,0.6,0,0,0,0.2,0,0.4,0,0,0.2,0,0
,,137.0955,,250.338,3.57324,3,1,46.53,6,1,1,0.7849558,,,,0,0.533,-4.87,,,,,,,,,-0.356,0,0.6,0,0,0,0.2,0,0.4,0,0,0.2,0,0
,,161.0947,,250.338,3.57324,3,1,46.53,6,1,1,0.7849558,,,,0,0.533,-4.87,,,,,,,,,-0.356,0,0.6,0,0,0,0.2,0,0.4,0,0,0.2,0,0
,,189.1644,,250.338,3.57324,3,1,46.53,6,1,1,0.7849558,,,,0,0.533,-4.87,,,,,,,,,-0.356,0,0.6,0,0,0,0.2,0,0.4,0,0,0.2,0,0
,,191.178,,250.338,3.57324,3,1,46.53,6,1,1,0.7849558,,,,0,0.533,-4.87,,,,,,,,,-0.356,0,0.6,0,0,0,0.2,0,0.4,0,0,0.2,0,0
,,233.1494,,250.338,3.57324,3,1,46.53,6,1,1,0.7849558,,,,0,0.533,-4.87,,,,,,,,,-0.356,0,0.6,0,0,0,0.2,0,0.4,0,0,0.2,0,0
,,264.0767,,250.338,3.57324,3,1,46.53,6,1,1,0.7849558,,,,0,0.533,-4.87,,,,,,,,,-0.356,0,0.6,0,0,0,0.2,0,0.4,0,0,0.2,0,0
