molecule,number,FDA,approved,name,mz,smiles,mw,alogp,hba,hbd,psa,rotb,arom,alerts,qed,pains,fsp3,cacao,half,life,logs,logd,bioconcen,igc50,lc50fm,lc50dm,npscore,chelator,Nr-ar,Nr-ar-lbd,Nr-ahr,Nr-aromatase,Nr-er,Nr-er-lbd,Nr-ppar-gamma,Sr-are,Sr-atad5,Sr-hse,Sr-mmp,Sr-p53
121,droperidol,165.0714,C1CN(CC=C1N2C3=CC=CC=C3NC2=O)CCCC(=O)C4=CC=C(C=C4)F  ,379.435,3.6784,3,1,58.1,6,3,1,0.6649515564,,,,0,0.273,-4.907,,,,,,,,,-1,0,0,0,0.6,0,0.2,0,0,0.8,0,0,0,0
,,166.0748,,379.435,3.6784,3,1,58.1,6,3,1,0.6649515564,,,,0,0.273,-4.907,,,,,,,,,-1,0,0,0,0.6,0,0.2,0,0,0.8,0,0,0,0
,,187.0873,,379.435,3.6784,3,1,58.1,6,3,1,0.6649515564,,,,0,0.273,-4.907,,,,,,,,,-1,0,0,0,0.6,0,0.2,0,0,0.8,0,0,0,0
,,194.0987,,379.435,3.6784,3,1,58.1,6,3,1,0.6649515564,,,,0,0.273,-4.907,,,,,,,,,-1,0,0,0,0.6,0,0.2,0,0,0.8,0,0,0,0
,,195.1012,,379.435,3.6784,3,1,58.1,6,3,1,0.6649515564,,,,0,0.273,-4.907,,,,,,,,,-1,0,0,0,0.6,0,0.2,0,0,0.8,0,0,0,0
,,196.1051,,379.435,3.6784,3,1,58.1,6,3,1,0.6649515564,,,,0,0.273,-4.907,,,,,,,,,-1,0,0,0,0.6,0,0.2,0,0,0.8,0,0,0,0
,,380.1792,,379.435,3.6784,3,1,58.1,6,3,1,0.6649515564,,,,0,0.273,-4.907,,,,,,,,,-1,0,0,0,0.6,0,0.2,0,0,0.8,0,0,0,0
,,381.1828,,379.435,3.6784,3,1,58.1,6,3,1,0.6649515564,,,,0,0.273,-4.907,,,,,,,,,-1,0,0,0,0.6,0,0.2,0,0,0.8,0,0,0,0
,,341.1381,,379.435,3.6784,3,1,58.1,6,3,1,0.6649515564,,,,0,0.273,-4.907,,,,,,,,,-1,0,0,0,0.6,0,0.2,0,0,0.8,0,0,0,0
