molecule number	FDA approved name	mz	smiles	mw	alogp	hba	hbd	psa	rotb	arom	alerts	qed
83	captopril	172.0788	C[C@H](CS)C(=O)N1CCC[C@H]1C(=O)O 	217.289999	0.6279	3	2	57.61	3	0	1	0.6816110954
		218.0852		217.289999	0.6279	3	2	57.61	3	0	1	0.6816110954
		84.082		217.289999	0.6279	3	2	57.61	3	0	1	0.6816110954
