molecule number	FDA approved name	mz	smiles	mw	alogp	hba	hbd	psa	rotb	arom	alerts	qed
87	flumequine	220.0386	CC1CCC2=C3N1C=C(C(=O)C3=CC(=C2)F)C(=O)O 	261.252	2.346	3	1	59.3	1	2	0	0.8567514806
		244.0763		261.252	2.346	3	1	59.3	1	2	0	0.8567514806
		245.0794		261.252	2.346	3	1	59.3	1	2	0	0.8567514806
		246.0817		261.252	2.346	3	1	59.3	1	2	0	0.8567514806
		262.087		261.252	2.346	3	1	59.3	1	2	0	0.8567514806
		263.0901		261.252	2.346	3	1	59.3	1	2	0	0.8567514806
		264.0925		261.252	2.346	3	1	59.3	1	2	0	0.8567514806
		123.1		261.252	2.346	3	1	59.3	1	2	0	0.8567514806
