molecule number	FDA approved name	mz	smiles	mw	alogp	hba	hbd	psa	rotb	arom	alerts	qed
43	flubendazole	283.0696	COC(=O)NC1=NC2=C(N1)C=C(C=C2)C(=O)C3=CC=C(C=C3)F  	313.288	3.1113	4	2	84.08	3	3	1	0.7276819332
		284.0744		313.288	3.1113	4	2	84.08	3	3	1	0.7276819332
		314.0935		313.288	3.1113	4	2	84.08	3	3	1	0.7276819332
		315.0957		313.288	3.1113	4	2	84.08	3	3	1	0.7276819332
		316.097		313.288	3.1113	4	2	84.08	3	3	1	0.7276819332
		127.0346		313.288	3.1113	4	2	84.08	3	3	1	0.7276819332
