molecule number	FDA approved name	mz	smiles	mw	alogp	hba	hbd	psa	rotb	arom	alerts	qed
91	gemfibrozil	129.09	CC1=CC(=C(C=C1)C)OCCCC(C)(C)C(=O)O 	250.338	3.57324	3	1	46.53	6	1	1	0.7849558
		130.0924		250.338	3.57324	3	1	46.53	6	1	1	0.7849558
		135.0791		250.338	3.57324	3	1	46.53	6	1	1	0.7849558
		137.0955		250.338	3.57324	3	1	46.53	6	1	1	0.7849558
		161.0947		250.338	3.57324	3	1	46.53	6	1	1	0.7849558
		189.1644		250.338	3.57324	3	1	46.53	6	1	1	0.7849558
		191.178		250.338	3.57324	3	1	46.53	6	1	1	0.7849558
		233.1494		250.338	3.57324	3	1	46.53	6	1	1	0.7849558
		264.0767		250.338	3.57324	3	1	46.53	6	1	1	0.7849558
