molecule number	FDA approved name	mz	smiles	mw	alogp	hba	hbd	psa	rotb	arom	alerts	qed
127	etoposide	186.0629	C[C@@H]1OC[C@@H]2[C@@H](O1)[C@@H]([C@H]([C@@H](O2)O[C@H]3[C@H]4COC(=O)[C@@H]4[C@@H](C5=CC6=C(C=C35)OCO6)C7=CC(=C(C(=C7)OC)O)OC)O)O  	588.562	1.3386	13	3	160.83	5	2	1	0.4298292584
		229.0495		588.562	1.3386	13	3	160.83	5	2	1	0.4298292584
		230.0527		588.562	1.3386	13	3	160.83	5	2	1	0.4298292584
		231.0549		588.562	1.3386	13	3	160.83	5	2	1	0.4298292584
		247.0599		588.562	1.3386	13	3	160.83	5	2	1	0.4298292584
		248.063		588.562	1.3386	13	3	160.83	5	2	1	0.4298292584
		383.1123		588.562	1.3386	13	3	160.83	5	2	1	0.4298292584
		435.1284		588.562	1.3386	13	3	160.83	5	2	1	0.4298292584
		85.0279		588.562	1.3386	13	3	160.83	5	2	1	0.4298292584
