molecule number	FDA approved name	mz	smiles	mw	alogp	hba	hbd	psa	rotb	arom	alerts	qed
23	Caffeine	138.0667	CN1C=NC2=C1C(=O)N(C(=O)N2C)C 	194.194	-1.0293	3	0	61.82	0	2	0	0.5384628262
		139.0695		194.194	-1.0293	3	0	61.82	0	2	0	0.5384628262
		195.0876		194.194	-1.0293	3	0	61.82	0	2	0	0.5384628262
		196.0903		194.194	-1.0293	3	0	61.82	0	2	0	0.5384628262
		180.0775		194.194	-1.0293	3	0	61.82	0	2	0	0.5384628262
