molecule number	FDA approved name	mz	smiles	mw	alogp	hba	hbd	psa	rotb	arom	alerts	qed
38	Terfenadine	454.3097	CC(C)(C)C1=CC=C(C=C1)C(CCCN2CCC(CC2)C(C3=CC=CC=C3)(C4=CC=CC=C4)O)O  	471.685	6.4458	3	2	43.7	8	3	0	0.3969489405
		472.3189		471.685	6.4458	3	2	43.7	8	3	0	0.3969489405
		135.1161		471.685	6.4458	3	2	43.7	8	3	0	0.3969489405
		141.0108		471.685	6.4458	3	2	43.7	8	3	0	0.3969489405
		169.0407		471.685	6.4458	3	2	43.7	8	3	0	0.3969489405
		186.0487		471.685	6.4458	3	2	43.7	8	3	0	0.3969489405
		135.1161		471.685	6.4458	3	2	43.7	8	3	0	0.3969489405
