molecule number	FDA approved name	mz	smiles	mw	alogp	hba	hbd	psa	rotb	arom	alerts	qed
46	fosinopril	177.1136	CCC(=O)OC(C(C)C)OP(=O)(CCCCC1=CC=CC=C1)CC(=O)N2C[C@@H](C[C@H]2C(=O)O)C3CCCCC3  	563.672	6.1213	7	1	110.21	14	1	4	0.1256311117
		221.14		563.672	6.1213	7	1	110.21	14	1	4	0.1256311117
		265.1641		563.672	6.1213	7	1	110.21	14	1	4	0.1256311117
		418.2173		563.672	6.1213	7	1	110.21	14	1	4	0.1256311117
		436.2278		563.672	6.1213	7	1	110.21	14	1	4	0.1256311117
		437.229		563.672	6.1213	7	1	110.21	14	1	4	0.1256311117
		459.2752		563.672	6.1213	7	1	110.21	14	1	4	0.1256311117
		126.0909		563.672	6.1213	7	1	110.21	14	1	4	0.1256311117
		127.0939		563.672	6.1213	7	1	110.21	14	1	4	0.1256311117
