molecule number	FDA approved name	mz	smiles	mw	alogp	hba	hbd	psa	rotb	arom	alerts	qed
123	meloxicam	116.0298	CC1=CN=C(S1)NC(=O)C2=C(C3=CC=CC=C3S(=O)(=O)N2C)O 	351.409	1.95092	5	2	99.6	2	2	0	0.8613672077
		141.0059		351.409	1.95092	5	2	99.6	2	2	0	0.8613672077
		142.0079		351.409	1.95092	5	2	99.6	2	2	0	0.8613672077
		184.0477		351.409	1.95092	5	2	99.6	2	2	0	0.8613672077
		194.02		351.409	1.95092	5	2	99.6	2	2	0	0.8613672077
		352.0386		351.409	1.95092	5	2	99.6	2	2	0	0.8613672077
		249.0903		351.409	1.95092	5	2	99.6	2	2	0	0.8613672077
