1,2,mz,smiles,4,5,6,7,8,9,10,11,12,13,14,16,pains,fsp3,cacao,npscore,chelator,Nr-ar,Nr-ar-lbd,Nr-ahr,Nr-aromatase,Nr-er,Nr-er-lbd,Nr-ppar-gamma,Sr-are,Sr-atad5,Sr-hse,Sr-mmp,Sr-p53
3,risperidone,192.1233,CC1=C(C(=O)N2CCCCC2=N1)CCN3CCC(CC3)C4=NOC5=C4C=CC(=C5)F  ,410.493,3.59042,5,0,64.16,4,3,0,0.6577452186,,,,0,0.522,-4.988,-1.469,0,0,0,0.4,0,0.2,0.4,0.6,0.4,0,0,0,0
,,193.1261,,410.493,3.59042,5,0,64.16,4,3,0,0.6577452186,,,,0,0.522,-4.988,-1.469,0,0,0,0.4,0,0.2,0.4,0.6,0.4,0,0,0,0
,,411.2246,,410.493,3.59042,5,0,64.16,4,3,0,0.6577452186,,,,0,0.522,-4.988,-1.469,0,0,0,0.4,0,0.2,0.4,0.6,0.4,0,0,0,0
,,412.2272,,410.493,3.59042,5,0,64.16,4,3,0,0.6577452186,,,,0,0.522,-4.988,-1.469,0,0,0,0.4,0,0.2,0.4,0.6,0.4,0,0,0,0
,,413.2299,,410.493,3.59042,5,0,64.16,4,3,0,0.6577452186,,,,0,0.522,-4.988,-1.469,0,0,0,0.4,0,0.2,0.4,0.6,0.4,0,0,0,0
,,43,,410.493,3.59042,5,0,64.16,4,3,0,0.6577452186,,,,0,0.522,-4.988,-1.469,0,0,0,0.4,0,0.2,0.4,0.6,0.4,0,0,0,0
