molecule number	FDA approved name	mz	smiles	mw	alogp	hba	hbd	psa	rotb	arom	alerts	qed
85	pentoxifylline	139.0676	CC(=O)CCCCN1C(=O)C2=C(N=CN2C)N(C1=O)C	278.312	0.193	4	0	78.89	5	2	1	0.7314900236
		156.0756		278.312	0.193	4	0	78.89	5	2	1	0.7314900236
		181.071		278.312	0.193	4	0	78.89	5	2	1	0.7314900236
		182.0739		278.312	0.193	4	0	78.89	5	2	1	0.7314900236
		221.1023		278.312	0.193	4	0	78.89	5	2	1	0.7314900236
		279.1449		278.312	0.193	4	0	78.89	5	2	1	0.7314900236
		280.1478		278.312	0.193	4	0	78.89	5	2	1	0.7314900236
		57.1		278.312	0.193	4	0	78.89	5	2	1	0.7314900236
