molecule,number,FDA,approved,name,mz,smiles,mw,alogp,hba,hbd,psa,rotb,arom,alerts,qed,pains,fsp3,cacao,half,life,logs,logd,bioconcen,igc50,lc50fm,lc50dm,npscore,chelator,Nr-ar,Nr-ar-lbd,Nr-ahr,Nr-aromatase,Nr-er,Nr-er-lbd,Nr-ppar-gamma,Sr-are,Sr-atad5,Sr-hse,Sr-mmp,Sr-p53
38,Terfenadine,454.3097,CC(C)(C)C1=CC=C(C=C1)C(CCCN2CCC(CC2)C(C3=CC=CC=C3)(C4=CC=CC=C4)O)O  ,471.685,6.4458,3,2,43.7,8,3,0,0.3969489405,,,,0,0.438,-5.274,,,,,,,,,-0.458,0,0.8,0,0,0.6,0.2,0,0,0.2,0,0.2,0.6,0
,,472.3189,,471.685,6.4458,3,2,43.7,8,3,0,0.3969489405,,,,0,0.438,-5.274,,,,,,,,,-0.458,0,0.8,0,0,0.6,0.2,0,0,0.2,0,0.2,0.6,0
,,135.1161,,471.685,6.4458,3,2,43.7,8,3,0,0.3969489405,,,,0,0.438,-5.274,,,,,,,,,-0.458,0,0.8,0,0,0.6,0.2,0,0,0.2,0,0.2,0.6,0
,,141.0108,,471.685,6.4458,3,2,43.7,8,3,0,0.3969489405,,,,0,0.438,-5.274,,,,,,,,,-0.458,0,0.8,0,0,0.6,0.2,0,0,0.2,0,0.2,0.6,0
,,169.0407,,471.685,6.4458,3,2,43.7,8,3,0,0.3969489405,,,,0,0.438,-5.274,,,,,,,,,-0.458,0,0.8,0,0,0.6,0.2,0,0,0.2,0,0.2,0.6,0
,,186.0487,,471.685,6.4458,3,2,43.7,8,3,0,0.3969489405,,,,0,0.438,-5.274,,,,,,,,,-0.458,0,0.8,0,0,0.6,0.2,0,0,0.2,0,0.2,0.6,0
,,135.1161,,471.685,6.4458,3,2,43.7,8,3,0,0.3969489405,,,,0,0.438,-5.274,,,,,,,,,-0.458,0,0.8,0,0,0.6,0.2,0,0,0.2,0,0.2,0.6,0
