molecule number	FDA approved name	mz	smiles	mw	alogp	hba	hbd	psa	rotb	arom	alerts	qed
60	lamotrigine	186.9811	 C1=CC(=C(C(=C1)Cl)Cl)C2=C(N=C(N=N2)N)N  	256.096	2.0098	5	2	90.71	1	2	0	0.8138095129
		210.9816		256.096	2.0098	5	2	90.71	1	2	0	0.8138095129
		212.9786		256.096	2.0098	5	2	90.71	1	2	0	0.8138095129
		220.0377		256.096	2.0098	5	2	90.71	1	2	0	0.8138095129
		256.0153		256.096	2.0098	5	2	90.71	1	2	0	0.8138095129
		257.0172		256.096	2.0098	5	2	90.71	1	2	0	0.8138095129
		258.0119		256.096	2.0098	5	2	90.71	1	2	0	0.8138095129
		42.1		256.096	2.0098	5	2	90.71	1	2	0	0.8138095129
