molecule number	FDA approved name	mz	smiles	mw	alogp	hba	hbd	psa	rotb	arom	alerts	qed
57	rifaximin	755.3186	 C[C@H]1/C=C/C=C(\C(=O)NC2=C(C3=C(C4=C(C(=C3O)C)O[C@@](C4=O)(O/C=C/[C@@H]([C@H]([C@H]([C@@H]([C@@H]([C@@H]([C@H]1O)C)O)C)OC(=O)C)C)OC)C)C5=C2N6C=CC(=CC6=N5)C)O)/C  	785.890999999	6.15784	12	5	198.3799	2	4	2	0.114855483
		756.3211		785.890999999	6.15784	12	5	198.3799	2	4	2	0.114855483
		756.3325		785.890999999	6.15784	12	5	198.3799	2	4	2	0.114855483
		786.3392		785.890999999	6.15784	12	5	198.3799	2	4	2	0.114855483
		787.3482		785.890999999	6.15784	12	5	198.3799	2	4	2	0.114855483
		120.02		785.890999999	6.15784	12	5	198.3799	2	4	2	0.114855483
