molecule number	FDA approved name	mz	smiles	mw	alogp	hba	hbd	psa	rotb	arom	alerts	qed
73	aceclofenac	215.0426	C1=CC=C(C(=C1)CC(=O)OCC(=O)O)NC2=C(C=CC=C2Cl)Cl 	354.189	3.9073	5	2	75.63	6	2	1	0.7696621138
		216.0468		354.189	3.9073	5	2	75.63	6	2	1	0.7696621138
		217.0398		354.189	3.9073	5	2	75.63	6	2	1	0.7696621138
		250.0104		354.189	3.9073	5	2	75.63	6	2	1	0.7696621138
		251.0122		354.189	3.9073	5	2	75.63	6	2	1	0.7696621138
		252.0035		354.189	3.9073	5	2	75.63	6	2	1	0.7696621138
		278.0049		354.189	3.9073	5	2	75.63	6	2	1	0.7696621138
		115.0538		354.189	3.9073	5	2	75.63	6	2	1	0.7696621138
