molecule,number,FDA,approved,name,mz,smiles,mw,alogp,hba,hbd,psa,rotb,arom,alerts,qed,pains,fsp3,cacao,half,life,logs,logd,bioconcen,igc50,lc50fm,lc50dm,npscore,chelator,Nr-ar,Nr-ar-lbd,Nr-ahr,Nr-aromatase,Nr-er,Nr-er-lbd,Nr-ppar-gamma,Sr-are,Sr-atad5,Sr-hse,Sr-mmp,Sr-p53,herg,hepatotox,ames,skin,dili
22,Bosentan,280.0833,CC(C)(C)C1=CC=C(C=C1)S(=O)(=O)NC2=C(C(=NC(=N2)C3=NC=CC=N3)OCCO)OC4=CC=CC=C4OC  ,551.625,4.2039,10,2,145.65,10,4,0,0.2939150655,,,,0,0.259,-4.892,,,,,,,,,-0.779,0,0,0,0.2,0.8,0.2,0,0,0.8,0,0,0.8,0.4,0.76,0.944,0.14,0.219,0.938
,,311.1005,,551.625,4.2039,10,2,145.65,10,4,0,0.2939150655,,,,0,0.259,-4.892,,,,,,,,,-0.779,0,0,0,0.2,0.8,0.2,0,0,0.8,0,0,0.8,0.4,0.76,0.944,0.14,0.219,0.938
,,508.1642,,551.625,4.2039,10,2,145.65,10,4,0,0.2939150655,,,,0,0.259,-4.892,,,,,,,,,-0.779,0,0,0,0.2,0.8,0.2,0,0,0.8,0,0,0.8,0.4,0.76,0.944,0.14,0.219,0.938
,,509.1678,,551.625,4.2039,10,2,145.65,10,4,0,0.2939150655,,,,0,0.259,-4.892,,,,,,,,,-0.779,0,0,0,0.2,0.8,0.2,0,0,0.8,0,0,0.8,0.4,0.76,0.944,0.14,0.219,0.938
,,552.1911,,551.625,4.2039,10,2,145.65,10,4,0,0.2939150655,,,,0,0.259,-4.892,,,,,,,,,-0.779,0,0,0,0.2,0.8,0.2,0,0,0.8,0,0,0.8,0.4,0.76,0.944,0.14,0.219,0.938
,,553.1943,,551.625,4.2039,10,2,145.65,10,4,0,0.2939150655,,,,0,0.259,-4.892,,,,,,,,,-0.779,0,0,0,0.2,0.8,0.2,0,0,0.8,0,0,0.8,0.4,0.76,0.944,0.14,0.219,0.938
,,110.072,,551.625,4.2039,10,2,145.65,10,4,0,0.2939150655,,,,0,0.259,-4.892,,,,,,,,,-0.779,0,0,0,0.2,0.8,0.2,0,0,0.8,0,0,0.8,0.4,0.76,0.944,0.14,0.219,0.938
,,,,,,,,,,,,,,,,,,,,,,,,,,,-0.779,0,0,0,0.2,0.8,0.2,0,0,0.8,0,0,0.8,0.4,0.76,0.944,0.14,0.219,0.938
