molecule,number,FDA,approved,name,mz,smiles,mw,alogp,hba,hbd,psa,rotb,arom,alerts,qed,pains,fsp3,cacao,half,life,logs,logd,bioconcen,igc50,lc50fm,lc50dm,npscore,chelator,Nr-ar,Nr-ar-lbd,Nr-ahr,Nr-aromatase,Nr-er,Nr-er-lbd,Nr-ppar-gamma,Sr-are,Sr-atad5,Sr-hse,Sr-mmp,Sr-p53,skin
28,Imatinib,218.1356,CC1=C(C=C(C=C1)NC(=O)C2=CC=C(C=C2)CN3CCN(CC3)C)NC4=NC=CC(=N4)C5=CN=CC=C5  ,493.615,4.59032,7,2,86.28,7,4,0,0.3894161626,,,,0,0.241,-5.576,,,,,,,,,-1.477,0,0,0,1,0.6,0.2,0,0,0.2,0.2,0,0.4,0.6,0.368
,,394.1658,,493.615,4.59032,7,2,86.28,7,4,0,0.3894161626,,,,0,0.241,-5.576,,,,,,,,,-1.477,0,0,0,1,0.6,0.2,0,0,0.2,0.2,0,0.4,0.6,0.368
,,395.1684,,493.615,4.59032,7,2,86.28,7,4,0,0.3894161626,,,,0,0.241,-5.576,,,,,,,,,-1.477,0,0,0,1,0.6,0.2,0,0,0.2,0.2,0,0.4,0.6,0.368
,,396.1729,,493.615,4.59032,7,2,86.28,7,4,0,0.3894161626,,,,0,0.241,-5.576,,,,,,,,,-1.477,0,0,0,1,0.6,0.2,0,0,0.2,0.2,0,0.4,0.6,0.368
,,494.2663,,493.615,4.59032,7,2,86.28,7,4,0,0.3894161626,,,,0,0.241,-5.576,,,,,,,,,-1.477,0,0,0,1,0.6,0.2,0,0,0.2,0.2,0,0.4,0.6,0.368
,,495.2695,,493.615,4.59032,7,2,86.28,7,4,0,0.3894161626,,,,0,0.241,-5.576,,,,,,,,,-1.477,0,0,0,1,0.6,0.2,0,0,0.2,0.2,0,0.4,0.6,0.368
,,496.2714,,493.615,4.59032,7,2,86.28,7,4,0,0.3894161626,,,,0,0.241,-5.576,,,,,,,,,-1.477,0,0,0,1,0.6,0.2,0,0,0.2,0.2,0,0.4,0.6,0.368
,,171.0885,,493.615,4.59032,7,2,86.28,7,4,0,0.3894161626,,,,0,0.241,-5.576,,,,,,,,,-1.477,0,0,0,1,0.6,0.2,0,0,0.2,0.2,0,0.4,0.6,0.368
,,,,,,,,,,,,,,,,,,,,,,,,,,,-1.477,0,0,0,1,0.6,0.2,0,0,0.2,0.2,0,0.4,0.6,0.368
