molecule,number,FDA,approved,name,mz,smiles,mw,alogp,hba,hbd,psa,rotb,arom,alerts,qed,pains,fsp3,cacao,half,life,logs,logd,bioconcen,igc50,lc50fm,lc50dm,npscore,chelator,Nr-ar,Nr-ar-lbd,Nr-ahr,Nr-aromatase,Nr-er,Nr-er-lbd,Nr-ppar-gamma,Sr-are,Sr-atad5,Sr-hse,Sr-mmp,Sr-p53
127,etoposide,186.0629,C[C@@H]1OC[C@@H]2[C@@H](O1)[C@@H]([C@H]([C@@H](O2)O[C@H]3[C@H]4COC(=O)[C@@H]4[C@@H](C5=CC6=C(C=C35)OCO6)C7=CC(=C(C(=C7)OC)O)OC)O)O  ,588.562,1.3386,13,3,160.83,5,2,1,0.4298292584,,,,0,0.552,-5.73,,,,,,,,,1.886,0,0,0.4,1,0.8,0.2,0,0.4,0.4,1,0.8,1,1
,,229.0495,,588.562,1.3386,13,3,160.83,5,2,1,0.4298292584,,,,0,0.552,-5.73,,,,,,,,,1.886,0,0,0.4,1,0.8,0.2,0,0.4,0.4,1,0.8,1,1
,,230.0527,,588.562,1.3386,13,3,160.83,5,2,1,0.4298292584,,,,0,0.552,-5.73,,,,,,,,,1.886,0,0,0.4,1,0.8,0.2,0,0.4,0.4,1,0.8,1,1
,,231.0549,,588.562,1.3386,13,3,160.83,5,2,1,0.4298292584,,,,0,0.552,-5.73,,,,,,,,,1.886,0,0,0.4,1,0.8,0.2,0,0.4,0.4,1,0.8,1,1
,,247.0599,,588.562,1.3386,13,3,160.83,5,2,1,0.4298292584,,,,0,0.552,-5.73,,,,,,,,,1.886,0,0,0.4,1,0.8,0.2,0,0.4,0.4,1,0.8,1,1
,,248.063,,588.562,1.3386,13,3,160.83,5,2,1,0.4298292584,,,,0,0.552,-5.73,,,,,,,,,1.886,0,0,0.4,1,0.8,0.2,0,0.4,0.4,1,0.8,1,1
,,383.1123,,588.562,1.3386,13,3,160.83,5,2,1,0.4298292584,,,,0,0.552,-5.73,,,,,,,,,1.886,0,0,0.4,1,0.8,0.2,0,0.4,0.4,1,0.8,1,1
,,435.1284,,588.562,1.3386,13,3,160.83,5,2,1,0.4298292584,,,,0,0.552,-5.73,,,,,,,,,1.886,0,0,0.4,1,0.8,0.2,0,0.4,0.4,1,0.8,1,1
,,85.0279,,588.562,1.3386,13,3,160.83,5,2,1,0.4298292584,,,,,,,,,,,,,,,,,,,,,,,,,,,,
