molecule number	FDA approved name	mz	smiles	mw	alogp	hba	hbd	psa	rotb	arom	alerts	qed
101	praziquantel	146.0965	 C1CCC(CC1)C(=O)N2CC3C4=CC=CC=C4CCN3C(=O)C2  	312.413	2.5349	2	0	40.62	1	1	0	0.7993674496
		175.1229		312.413	2.5349	2	0	40.62	1	1	0	0.7993674496
		203.1179		312.413	2.5349	2	0	40.62	1	1	0	0.7993674496
		204.1209		312.413	2.5349	2	0	40.62	1	1	0	0.7993674496
		285.1959		312.413	2.5349	2	0	40.62	1	1	0	0.7993674496
		313.1909		312.413	2.5349	2	0	40.62	1	1	0	0.7993674496
		314.1941		312.413	2.5349	2	0	40.62	1	1	0	0.7993674496
		165.0688		312.413	2.5349	2	0	40.62	1	1	0	0.7993674496
