molecule,number,FDA,approved,name,mz,smiles,mw,alogp,hba,hbd,psa,rotb,arom,alerts,qed,pains,fsp3,cacao,half,life,logs,logd,bioconcen,igc50,lc50fm,lc50dm,npscore,chelator,Nr-ar,Nr-ar-lbd,Nr-ahr,Nr-aromatase,Nr-er,Nr-er-lbd,Nr-ppar-gamma,Sr-are,Sr-atad5,Sr-hse,Sr-mmp,Sr-p53,herg,ld50
80,pregabalin,125.0965,CC(C)C[C@@H](CC(=O)O)CN,159.229,1.0821,3,2,63.319999999,5,0,0,0.6306196111,,,,0,0.875,-5.809,,,,,,,,,1.188,0,0,0,0,0,0.6,0.2,0,0,0,0,0,0,0.087,1.826
,,142.1226,,159.229,1.0821,3,2,63.319999999,5,0,0,0.6306196111,,,,0,0.875,-5.809,,,,,,,,,1.188,0,0,0,0,0,0.6,0.2,0,0,0,0,0,0,0.087,1.826
,,143.1084,,159.229,1.0821,3,2,63.319999999,5,0,0,0.6306196111,,,,0,0.875,-5.809,,,,,,,,,1.188,0,0,0,0,0,0.6,0.2,0,0,0,0,0,0,0.087,1.826
,,143.1269,,159.229,1.0821,3,2,63.319999999,5,0,0,0.6306196111,,,,0,0.875,-5.809,,,,,,,,,1.188,0,0,0,0,0,0.6,0.2,0,0,0,0,0,0,0.087,1.826
,,160.1327,,159.229,1.0821,3,2,63.319999999,5,0,0,0.6306196111,,,,0,0.875,-5.809,,,,,,,,,1.188,0,0,0,0,0,0.6,0.2,0,0,0,0,0,0,0.087,1.826
,,125.0144,,159.229,1.0821,3,2,63.319999999,5,0,0,0.6306196111,,,,0,0.875,-5.809,,,,,,,,,1.188,0,0,0,0,0,0.6,0.2,0,0,0,0,0,0,0.087,1.826
,,,,,,,,,,,,,,,,,,,,,,,,,,,1.188,0,0,0,0,0,0.6,0.2,0,0,0,0,0,0,0.087,1.826
