molecule number	FDA approved name	mz	smiles	mw	alogp	hba	hbd	psa	rotb	arom	alerts	qed
182	theobromine	110.0707	CN1C=NC2=C1C(=O)NC(=O)N2C  	180.1669999999	-1.0397	3	1	72.68	0	2	0	0.5624722358
		135.0664		180.1669999999	-1.0397	3	1	72.68	0	2	0	0.5624722358
		137.0823		180.1669999999	-1.0397	3	1	72.68	0	2	0	0.5624722358
		138.0642		180.1669999999	-1.0397	3	1	72.68	0	2	0	0.5624722358
		138.0709		180.1669999999	-1.0397	3	1	72.68	0	2	0	0.5624722358
		163.0588		180.1669999999	-1.0397	3	1	72.68	0	2	0	0.5624722358
		181.0716		180.1669999999	-1.0397	3	1	72.68	0	2	0	0.5624722358
		174.0898		180.1669999999	-1.0397	3	1	72.68	0	2	0	0.5624722358
