molecule number	FDA approved name	mz	smiles	mw	alogp	hba	hbd	psa	rotb	arom	alerts	qed
209	vildagliptin	133.1016	C1C[C@H](N(C1)C(=O)CNC23CC4CC(C2)CC(C4)(C3)O)C#N  	303.4	1.174279999	4	2	76.36	3	0	0	0.8205033025
		151.1124		303.4	1.174279999	4	2	76.36	3	0	0	0.8205033025
		152.1157		303.4	1.174279999	4	2	76.36	3	0	0	0.8205033025
		154.0984		303.4	1.174279999	4	2	76.36	3	0	0	0.8205033025
		155.1014		303.4	1.174279999	4	2	76.36	3	0	0	0.8205033025
		304.2048		303.4	1.174279999	4	2	76.36	3	0	0	0.8205033025
		305.2074		303.4	1.174279999	4	2	76.36	3	0	0	0.8205033025
		306.2097		303.4	1.174279999	4	2	76.36	3	0	0	0.8205033025
		111.0438		303.4	1.174279999	4	2	76.36	3	0	0	0.8205033025
