molecule number	FDA approved name	mz	smiles	mw	alogp	hba	hbd	psa	rotb	arom	alerts	qed
115	domperidone	175.0852	C1CN(CCC1N2C3=C(C=C(C=C3)Cl)NC2=O)CCCN4C5=CC=CC=C5NC4=O  	425.92	3.3532	3	2	78.82	5	4	0	0.5143016956
		176.0885		425.92	3.3532	3	2	78.82	5	4	0	0.5143016956
		426.1688		425.92	3.3532	3	2	78.82	5	4	0	0.5143016956
		427.1715		425.92	3.3532	3	2	78.82	5	4	0	0.5143016956
		428.1664		425.92	3.3532	3	2	78.82	5	4	0	0.5143016956
		149.0583		425.92	3.3532	3	2	78.82	5	4	0	0.5143016956
