molecule number	FDA approved name	mz	smiles	mw	alogp	hba	hbd	psa	rotb	arom	alerts	qed
51	nylidrin	79.0519	CC(CCC1=CC=CC=C1)NC(C)C(C2=CC=C(C=C2)O)O  	299.414	3.425	3	3	52.49	7	2	0	0.733998674
		91.0514		299.414	3.425	3	3	52.49	7	2	0	0.733998674
		105.0667		299.414	3.425	3	3	52.49	7	2	0	0.733998674
		133.0599		299.414	3.425	3	3	52.49	7	2	0	0.733998674
		150.0864		299.414	3.425	3	3	52.49	7	2	0	0.733998674
		282.1764		299.414	3.425	3	3	52.49	7	2	0	0.733998674
		213.0501		299.414	3.425	3	3	52.49	7	2	0	0.733998674
