molecule number	FDA approved name	mz	smiles	mw	alogp	hba	hbd	psa	rotb	arom	alerts	qed
112	chloramphenicol	146.0548	C1=CC(=CC=C1[C@H]([C@@H](CO)NC(=O)C(Cl)Cl)O)[N+](=O)[O-]  	323.132	0.908999999	5	3	112.7	6	1	3	0.409070928
		148.058		323.132	0.908999999	5	3	112.7	6	1	3	0.409070928
		165.0664		323.132	0.908999999	5	3	112.7	6	1	3	0.409070928
		206.0357		323.132	0.908999999	5	3	112.7	6	1	3	0.409070928
		241.0155		323.132	0.908999999	5	3	112.7	6	1	3	0.409070928
		257.9915		323.132	0.908999999	5	3	112.7	6	1	3	0.409070928
		274.9982		323.132	0.908999999	5	3	112.7	6	1	3	0.409070928
		169.0038		323.132	0.908999999	5	3	112.7	6	1	3	0.409070928
