molecule number	FDA approved name	mz	smiles	mw	alogp	hba	hbd	psa	rotb	arom	alerts	qed
212	cyromazine	126.0843	C1CC1NC2=NC(=NC(=N2)N)N  	417.546	5.623	5	1	77.62	14	2	2	0.5525575426
		127.072		417.546	5.623	5	1	77.62	14	2	2	0.5525575426
		139.0717		417.546	5.623	5	1	77.62	14	2	2	0.5525575426
		140.0915		417.546	5.623	5	1	77.62	14	2	2	0.5525575426
		150.076		417.546	5.623	5	1	77.62	14	2	2	0.5525575426
		167.1029		417.546	5.623	5	1	77.62	14	2	2	0.5525575426
		168.1054		417.546	5.623	5	1	77.62	14	2	2	0.5525575426
		115.0747		417.546	5.623	5	1	77.62	14	2	2	0.5525575426
