molecule,number,FDA,approved,name,mz,smiles,mw,alogp,hba,hbd,psa,rotb,arom,alerts,qed,pains,fsp3,cacao,half,life,logs,logd,bioconcen,igc50,lc50fm,lc50dm,npscore,chelator,Nr-ar,Nr-ar-lbd,Nr-ahr,Nr-aromatase,Nr-er,Nr-er-lbd,Nr-ppar-gamma,Sr-are,Sr-atad5,Sr-hse,Sr-mmp,Sr-p53,ld50
73,aceclofenac,215.0426,C1=CC=C(C(=C1)CC(=O)OCC(=O)O)NC2=C(C=CC=C2Cl)Cl ,354.189,3.9073,5,2,75.63,6,2,1,0.7696621138,,,,0,0.125,-4.772,,,,,,,,,-0.819,0,0,0.2,0.8,0,0.2,0,1,0.2,0,0.2,0.2,0,2.705
,,216.0468,,354.189,3.9073,5,2,75.63,6,2,1,0.7696621138,,,,0,0.125,-4.772,,,,,,,,,-0.819,0,0,0.2,0.8,0,0.2,0,1,0.2,0,0.2,0.2,0,2.705
,,217.0398,,354.189,3.9073,5,2,75.63,6,2,1,0.7696621138,,,,0,0.125,-4.772,,,,,,,,,-0.819,0,0,0.2,0.8,0,0.2,0,1,0.2,0,0.2,0.2,0,2.705
,,250.0104,,354.189,3.9073,5,2,75.63,6,2,1,0.7696621138,,,,0,0.125,-4.772,,,,,,,,,-0.819,0,0,0.2,0.8,0,0.2,0,1,0.2,0,0.2,0.2,0,2.705
,,251.0122,,354.189,3.9073,5,2,75.63,6,2,1,0.7696621138,,,,0,0.125,-4.772,,,,,,,,,-0.819,0,0,0.2,0.8,0,0.2,0,1,0.2,0,0.2,0.2,0,2.705
,,252.0035,,354.189,3.9073,5,2,75.63,6,2,1,0.7696621138,,,,0,0.125,-4.772,,,,,,,,,-0.819,0,0,0.2,0.8,0,0.2,0,1,0.2,0,0.2,0.2,0,2.705
,,278.0049,,354.189,3.9073,5,2,75.63,6,2,1,0.7696621138,,,,0,0.125,-4.772,,,,,,,,,-0.819,0,0,0.2,0.8,0,0.2,0,1,0.2,0,0.2,0.2,0,2.705
,,115.0538,,354.189,3.9073,5,2,75.63,6,2,1,0.7696621138,,,,0,0.125,-4.772,,,,,,,,,,,,,,,,,,,,,,,
