molecule number	FDA approved name	mz	smiles	mw	alogp	hba	hbd	psa	rotb	arom	alerts	qed
186	niacin	80.0499	 C1=CC(=CN=C1)C(=O)O	123.11099999	0.77979999	3	1	50.19	1	1	0	0.5998689433
		96.0447		123.11099999	0.77979999	3	1	50.19	1	1	0	0.5998689433
		106.0289		123.11099999	0.77979999	3	1	50.19	1	1	0	0.5998689433
		124.0396		123.11099999	0.77979999	3	1	50.19	1	1	0	0.5998689433
		125.0428		123.11099999	0.77979999	3	1	50.19	1	1	0	0.5998689433
		121.027		123.11099999	0.77979999	3	1	50.19	1	1	0	0.5998689433
