molecule number	FDA approved name	mz	smiles	mw	alogp	hba	hbd	psa	rotb	arom	alerts	qed
122	colchicine	358.1647	CC(=O)N[C@H]1CCC2=CC(=C(C(=C2C3=CC=C(C(=O)C=C13)OC)OC)OC)OC 	399.443	2.8716	6	1	83.09	5	2	0	0.8325220081
		382.1645		399.443	2.8716	6	1	83.09	5	2	0	0.8325220081
		400.1755		399.443	2.8716	6	1	83.09	5	2	0	0.8325220081
		401.1786		399.443	2.8716	6	1	83.09	5	2	0	0.8325220081
		402.1811		399.443	2.8716	6	1	83.09	5	2	0	0.8325220081
		115.028		399.443	2.8716	6	1	83.09	5	2	0	0.8325220081
