molecule number	FDA approved name	mz	smiles	mw	alogp	hba	hbd	psa	rotb	arom	alerts	qed
21	Bifonazole	228.0924	C1=CC=C(C=C1)C2=CC=C(C=C2)C(C3=CC=CC=C3)N4C=CN=C4  	310.4	5.1878	1	0	17.82	4	4	0	0.5071355444
		243.1171		310.4	5.1878	1	0	17.82	4	4	0	0.5071355444
		244.1197		310.4	5.1878	1	0	17.82	4	4	0	0.5071355444
		245.1229		310.4	5.1878	1	0	17.82	4	4	0	0.5071355444
		202.071		310.4	5.1878	1	0	17.82	4	4	0	0.5071355444
