molecule number,FDA approved name,mz,smiles,mw,alogp,hba,hbd,psa,rotb,arom,alerts,qed,pains,fsp3,cacao,half life,logs,logd,bioconcen,igc50,lc50fm,lc50dm
211,decoquinate,373.2223,CCCCCCCCCCOC1=C(C=C2C(=C1)C(=O)C(=CN2)C(=O)OCC)OCC  ,417.546,5.623,5,1,77.62,14,2,2,0.318631236,,,,,,,,,,
,,390.228,,417.546,5.623,5,1,77.62,14,2,2,0.318631236,,,,,,,,,,
,,391.2319,,417.546,5.623,5,1,77.62,14,2,2,0.318631236,,,,,,,,,,
,,392.2348,,417.546,5.623,5,1,77.62,14,2,2,0.318631236,,,,,,,,,,
,,418.2594,,417.546,5.623,5,1,77.62,14,2,2,0.318631236,,,,,,,,,,
,,419.2623,,417.546,5.623,5,1,77.62,14,2,2,0.318631236,,,,,,,,,,
,,420.2658,,417.546,5.623,5,1,77.62,14,2,2,0.318631236,,,,,,,,,,
,,125.0813,,417.546,5.623,5,1,77.62,14,2,2,0.318631236,,,,,,,,,,
