molecule number	FDA approved name	mz	smiles	mw	alogp	hba	hbd	psa	rotb	arom	alerts	qed
151	folic acid	176.0563	C1=CC(=CC=C1C(=O)N[C@@H](CCC(=O)O)C(=O)O)NCC2=CN=C3C(=N2)C(=O)NC(=N3)N  	441.404	-0.044799999	11	6	213.28	9	3	0	0.2588540145
		295.0928		441.404	-0.044799999	11	6	213.28	9	3	0	0.2588540145
		295.1377		441.404	-0.044799999	11	6	213.28	9	3	0	0.2588540145
		295.157		441.404	-0.044799999	11	6	213.28	9	3	0	0.2588540145
		295.1836		441.404	-0.044799999	11	6	213.28	9	3	0	0.2588540145
		115.0391		441.404	-0.044799999	11	6	213.28	9	3	0	0.2588540145
