molecule number	FDA approved name	mz	smiles	mw	alogp	hba	hbd	psa	rotb	arom	alerts	qed
93	ketoprofen	194.069	CC(C1=CC(=CC=C1)C(=O)C2=CC=CC=C2)C(=O)O  	254.285	3.1057	3	1	54.37	4	2	1	0.8528036891
		209.0927		254.285	3.1057	3	1	54.37	4	2	1	0.8528036891
		210.0959		254.285	3.1057	3	1	54.37	4	2	1	0.8528036891
		255.0981		254.285	3.1057	3	1	54.37	4	2	1	0.8528036891
		117.0533		254.285	3.1057	3	1	54.37	4	2	1	0.8528036891
