molecule number	FDA approved name	mz	smiles	mw	alogp	hba	hbd	psa	rotb	arom	alerts	qed
158	finasteride	317.2226	C[C@]12CC[C@H]3[C@H]([C@@H]1CC[C@@H]2C(=O)NC(C)(C)C)CC[C@@H]4[C@@]3(C=CC(=O)N4)C  	372.553	3.8145	2	2	58.2	1	0	0	0.73514667
		318.2258		372.553	3.8145	2	2	58.2	1	0	0	0.73514667
		373.2863		372.553	3.8145	2	2	58.2	1	0	0	0.73514667
		374.2888		372.553	3.8145	2	2	58.2	1	0	0	0.73514667
		375.2917		372.553	3.8145	2	2	58.2	1	0	0	0.73514667
		119.086		372.553	3.8145	2	2	58.2	1	0	0	0.73514667
