molecule number	FDA approved name	mz	smiles	mw	alogp	hba	hbd	psa	rotb	arom	alerts	qed
80	pregabalin	125.0965	CC(C)C[C@@H](CC(=O)O)CN	159.229	1.0821	3	2	63.319999999	5	0	0	0.6306196111
		142.1226		159.229	1.0821	3	2	63.319999999	5	0	0	0.6306196111
		143.1084		159.229	1.0821	3	2	63.319999999	5	0	0	0.6306196111
		143.1269		159.229	1.0821	3	2	63.319999999	5	0	0	0.6306196111
		160.1327		159.229	1.0821	3	2	63.319999999	5	0	0	0.6306196111
		125.0144		159.229	1.0821	3	2	63.319999999	5	0	0	0.6306196111
