molecule number,FDA approved name,mz,smiles,mw,alogp,hba,hbd,psa,rotb,arom,alerts,qed,pains,fsp3,cacao,half life,logs,logd,bioconcen,igc50,lc50fm,lc50dm
205,ginkgolide,255.1325,C[C@@H]1C(=O)O[C@@H]2[C@]1([C@@]34C(=O)O[C@H]5[C@]3([C@@H]2O)[C@@]6([C@@H](C5)C(C)(C)C)[C@H](C(=O)O[C@H]6O4)O)O  ,424.402,-1.3695,10,3,148.82,0,0,2,0.3140501118,,,,,,,,,,
,,287.0861,,424.402,-1.3695,10,3,148.82,0,0,2,0.3140501118,,,,,,,,,,
,,299.1352,,424.402,-1.3695,10,3,148.82,0,0,2,0.3140501118,,,,,,,,,,
,,317.1422,,424.402,-1.3695,10,3,148.82,0,0,2,0.3140501118,,,,,,,,,,
,,327.1166,,424.402,-1.3695,10,3,148.82,0,0,2,0.3140501118,,,,,,,,,,
,,327.1356,,424.402,-1.3695,10,3,148.82,0,0,2,0.3140501118,,,,,,,,,,
,,345.1272,,424.402,-1.3695,10,3,148.82,0,0,2,0.3140501118,,,,,,,,,,
,,409.1588,,424.402,-1.3695,10,3,148.82,0,0,2,0.3140501118,,,,,,,,,,
,,365.0779,,424.402,-1.3695,10,3,148.82,0,0,2,0.3140501118,,,,,,,,,,
