molecule number	FDA approved name	mz	smiles	mw	alogp	hba	hbd	psa	rotb	arom	alerts	qed
8	Perindopril	98.0967	CCC[C@@H](C(=O)OCC)N[C@@H](C)C(=O)N1[C@H]2CCCC[C@H]2C[C@H]1C(=O)O 	368.474	1.9406	6	2	95.94	8	0	1	0.6358209969
		170.1177		368.474	1.9406	6	2	95.94	8	0	1	0.6358209969
		172.1332		368.474	1.9406	6	2	95.94	8	0	1	0.6358209969
		295.2007		368.474	1.9406	6	2	95.94	8	0	1	0.6358209969
		369.2385		368.474	1.9406	6	2	95.94	8	0	1	0.6358209969
		129.0389		368.474	1.9406	6	2	95.94	8	0	1	0.6358209969
