molecule,number,FDA,approved,name,mz,smiles,mw,alogp,hba,hbd,psa,rotb,arom,alerts,qed,pains,fsp3,cacao,half,life,logs,logd,bioconcen,igc50,lc50fm,lc50dm,npscore,chelator,Nr-ar,Nr-ar-lbd,Nr-ahr,Nr-aromatase,Nr-er,Nr-er-lbd,Nr-ppar-gamma,Sr-are,Sr-atad5,Sr-hse,Sr-mmp,Sr-p53
102,clotrimazole,166.0721,C1=CC=C(C=C1)C(C2=CC=CC=C2)(C3=CC=CC=C3Cl)N4C=CN=C4  ,344.845,5.3767,1,0,17.82,4,4,1,0.4545449847,,,,0,0.045,-4.651,,,,,,,,,-0.58,0,0,0,1,1,0.4,0.6,0,0.8,0,1,1,1
,,241.1007,,344.845,5.3767,1,0,17.82,4,4,1,0.4545449847,,,,0,0.045,-4.651,,,,,,,,,-0.58,0,0,0,1,1,0.4,0.6,0,0.8,0,1,1,1
,,242.1082,,344.845,5.3767,1,0,17.82,4,4,1,0.4545449847,,,,0,0.045,-4.651,,,,,,,,,-0.58,0,0,0,1,1,0.4,0.6,0,0.8,0,1,1,1
,,277.0778,,344.845,5.3767,1,0,17.82,4,4,1,0.4545449847,,,,0,0.045,-4.651,,,,,,,,,-0.58,0,0,0,1,1,0.4,0.6,0,0.8,0,1,1,1
,,278.0813,,344.845,5.3767,1,0,17.82,4,4,1,0.4545449847,,,,0,0.045,-4.651,,,,,,,,,-0.58,0,0,0,1,1,0.4,0.6,0,0.8,0,1,1,1
,,279.075,,344.845,5.3767,1,0,17.82,4,4,1,0.4545449847,,,,0,0.045,-4.651,,,,,,,,,-0.58,0,0,0,1,1,0.4,0.6,0,0.8,0,1,1,1
,,280.0776,,344.845,5.3767,1,0,17.82,4,4,1,0.4545449847,,,,0,0.045,-4.651,,,,,,,,,-0.58,0,0,0,1,1,0.4,0.6,0,0.8,0,1,1,1
,,327.0781,,344.845,5.3767,1,0,17.82,4,4,1,0.4545449847,,,,0,0.045,-4.651,,,,,,,,,-0.58,0,0,0,1,1,0.4,0.6,0,0.8,0,1,1,1
,,104.9927,,344.845,5.3767,1,0,17.82,4,4,1,0.4545449847,,,,,,,,,,,,,,,,,,,,,,,,,,,,
