molecule,number,FDA,approved,name,mz,smiles,mw,alogp,hba,hbd,psa,rotb,arom,alerts,qed,pains,fsp3,cacao,half,life,logs,logd,bioconcen,igc50,lc50fm,lc50dm,npscore,chelator,Nr-ar,Nr-ar-lbd,Nr-ahr,Nr-aromatase,Nr-er,Nr-er-lbd,Nr-ppar-gamma,Sr-are,Sr-atad5,Sr-hse,Sr-mmp,Sr-p53,herg,hepatotox,ames,skin,dili
17,Anastrozole,171.0986,CC(C)(C#N)C1=CC(=CC(=C1)CN2C=NC=N2)C(C)(C)C#N  ,293.374,2.92876,14,0,78.29,4,2,0,0.8678513138,,,,0,0.412,-5.006,,,,,,,,,-1.326,0,0,0,0.2,1,0,0,0,0.6,0,0,0.2,0,0.193,0.832,0.348,0.373,0.632
,,184.1113,,293.374,2.92876,14,0,78.29,4,2,0,0.8678513138,,,,0,0.412,-5.006,,,,,,,,,-1.326,0,0,0,0.2,1,0,0,0,0.6,0,0,0.2,0,0.193,0.832,0.348,0.373,0.632
,,185.1144,,293.374,2.92876,14,0,78.29,4,2,0,0.8678513138,,,,0,0.412,-5.006,,,,,,,,,-1.326,0,0,0,0.2,1,0,0,0,0.6,0,0,0.2,0,0.193,0.832,0.348,0.373,0.632
,,212.1063,,293.374,2.92876,14,0,78.29,4,2,0,0.8678513138,,,,0,0.412,-5.006,,,,,,,,,-1.326,0,0,0,0.2,1,0,0,0,0.6,0,0,0.2,0,0.193,0.832,0.348,0.373,0.632
,,213.1096,,293.374,2.92876,14,0,78.29,4,2,0,0.8678513138,,,,0,0.412,-5.006,,,,,,,,,-1.326,0,0,0,0.2,1,0,0,0,0.6,0,0,0.2,0,0.193,0.832,0.348,0.373,0.632
,,292.1468,,293.374,2.92876,14,0,78.29,4,2,0,0.8678513138,,,,0,0.412,-5.006,,,,,,,,,-1.326,0,0,0,0.2,1,0,0,0,0.6,0,0,0.2,0,0.193,0.832,0.348,0.373,0.632
,,,,,,,,,,,,,,,,,,,,,,,,,,,-1.326,0,0,0,0.2,1,0,0,0,0.6,0,0,0.2,0,0.193,0.832,0.348,0.373,0.632
