molecule,number,FDA,approved,name,mz,smiles,mw,alogp,hba,hbd,psa,rotb,arom,alerts,qed,pains,fsp3,cacao,half,life,logs,logd,bioconcen,igc50,lc50fm,lc50dm,npscore,chelator,Nr-ar,Nr-ar-lbd,Nr-ahr,Nr-aromatase,Nr-er,Nr-er-lbd,Nr-ppar-gamma,Sr-are,Sr-atad5,Sr-hse,Sr-mmp,Sr-p53
95,norfloxacin,256.1427,CCN1C=C(C(=O)C2=CC(=C(C=C21)N3CCNCC3)F)C(=O)O  ,319.336,1.2683,5,2,74.57,3,2,0,0.8910262977,,,,0,0.375,-4.982,,,,,,,,,-0.971,0,0.2,0,0.2,0,0.2,0,0,0,0,0,0,0
,,276.15,,319.336,1.2683,5,2,74.57,3,2,0,0.8910262977,,,,0,0.375,-4.982,,,,,,,,,-0.971,0,0.2,0,0.2,0,0.2,0,0,0,0,0,0,0
,,277.1542,,319.336,1.2683,5,2,74.57,3,2,0,0.8910262977,,,,0,0.375,-4.982,,,,,,,,,-0.971,0,0.2,0,0.2,0,0.2,0,0,0,0,0,0,0
,,302.1291,,319.336,1.2683,5,2,74.57,3,2,0,0.8910262977,,,,0,0.375,-4.982,,,,,,,,,-0.971,0,0.2,0,0.2,0,0.2,0,0,0,0,0,0,0
,,303.1324,,319.336,1.2683,5,2,74.57,3,2,0,0.8910262977,,,,0,0.375,-4.982,,,,,,,,,-0.971,0,0.2,0,0.2,0,0.2,0,0,0,0,0,0,0
,,320.1403,,319.336,1.2683,5,2,74.57,3,2,0,0.8910262977,,,,0,0.375,-4.982,,,,,,,,,-0.971,0,0.2,0,0.2,0,0.2,0,0,0,0,0,0,0
,,321.1428,,319.336,1.2683,5,2,74.57,3,2,0,0.8910262977,,,,0,0.375,-4.982,,,,,,,,,-0.971,0,0.2,0,0.2,0,0.2,0,0,0,0,0,0,0
,,322.1454,,319.336,1.2683,5,2,74.57,3,2,0,0.8910262977,,,,0,0.375,-4.982,,,,,,,,,-0.971,0,0.2,0,0.2,0,0.2,0,0,0,0,0,0,0
,,156.0108,,319.336,1.2683,5,2,74.57,3,2,0,0.8910262977,,,,0,0.375,-4.982,,,,,,,,,-0.971,0,0.2,0,0.2,0,0.2,0,0,0,0,0,0,0
