molecule,number,FDA,approved,name,mz,smiles,mw,alogp,hba,hbd,psa,rotb,arom,alerts,qed,pains,fsp3,cacao,half,life,logs,logd,bioconcen,igc50,lc50fm,lc50dm,npscore,chelator,Nr-ar,Nr-ar-lbd,Nr-ahr,Nr-aromatase,Nr-er,Nr-er-lbd,Nr-ppar-gamma,Sr-are,Sr-atad5,Sr-hse,Sr-mmp,Sr-p53
179,acetaminophen,110.0593,CC(=O)NC1=CC=C(C=C1)O  ,151.16,1.3506,2,2,49.33,1,1,1,0.5950261968,,,,0,0.125,-4.482,,,,,,,,,-0.642,0,0,0,0.6,0,0.2,0,0,0,0.2,0,0.4,0.2
,,134.0587,,151.16,1.3506,2,2,49.33,1,1,1,0.5950261968,,,,0,0.125,-4.482,,,,,,,,,-0.642,0,0,0,0.6,0,0.2,0,0,0,0.2,0,0.4,0.2
,,135.0626,,151.16,1.3506,2,2,49.33,1,1,1,0.5950261968,,,,0,0.125,-4.482,,,,,,,,,-0.642,0,0,0,0.6,0,0.2,0,0,0,0.2,0,0.4,0.2
,,152.0691,,151.16,1.3506,2,2,49.33,1,1,1,0.5950261968,,,,0,0.125,-4.482,,,,,,,,,-0.642,0,0,0,0.6,0,0.2,0,0,0,0.2,0,0.4,0.2
,,153.0725,,151.16,1.3506,2,2,49.33,1,1,1,0.5950261968,,,,0,0.125,-4.482,,,,,,,,,-0.642,0,0,0,0.6,0,0.2,0,0,0,0.2,0,0.4,0.2
,,57.3,,151.16,1.3506,2,2,49.33,1,1,1,0.5950261968,,,,0,0.125,-4.482,,,,,,,,,-0.642,0,0,0,0.6,0,0.2,0,0,0,0.2,0,0.4,0.2
