molecule number	FDA approved name	mz	smiles	mw	alogp	hba	hbd	psa	rotb	arom	alerts	qed
28	Imatinib	218.1356	CC1=C(C=C(C=C1)NC(=O)C2=CC=C(C=C2)CN3CCN(CC3)C)NC4=NC=CC(=N4)C5=CN=CC=C5  	493.615	4.59032	7	2	86.28	7	4	0	0.3894161626
		394.1658		493.615	4.59032	7	2	86.28	7	4	0	0.3894161626
		395.1684		493.615	4.59032	7	2	86.28	7	4	0	0.3894161626
		396.1729		493.615	4.59032	7	2	86.28	7	4	0	0.3894161626
		494.2663		493.615	4.59032	7	2	86.28	7	4	0	0.3894161626
		495.2695		493.615	4.59032	7	2	86.28	7	4	0	0.3894161626
		496.2714		493.615	4.59032	7	2	86.28	7	4	0	0.3894161626
		171.0885		493.615	4.59032	7	2	86.28	7	4	0	0.3894161626
