molecule number	FDA approved name	mz	smiles	mw	alogp	hba	hbd	psa	rotb	arom	alerts	qed
96	sulfadiazine	157.0141	C1=CN=C(N=C1)NS(=O)(=O)C2=CC=C(C=C2)N	250.283	0.8596	5	2	97.97	3	2	1	0.7871395578
		158.0043		250.283	0.8596	5	2	97.97	3	2	1	0.7871395578
		174.0231		250.283	0.8596	5	2	97.97	3	2	1	0.7871395578
		176.0121		250.283	0.8596	5	2	97.97	3	2	1	0.7871395578
		185.0813		250.283	0.8596	5	2	97.97	3	2	1	0.7871395578
		251.0607		250.283	0.8596	5	2	97.97	3	2	1	0.7871395578
		252.0634		250.283	0.8596	5	2	97.97	3	2	1	0.7871395578
		57.5		250.283	0.8596	5	2	97.97	3	2	1	0.7871395578
