molecule number	FDA approved name	mz	smiles	mw	alogp	hba	hbd	psa	rotb	arom	alerts	qed
48	flubendazole	282.1035	COC(=O)NC1=NC2=C(N1)C=C(C=C2)C(=O)C3=CC=C(C=C3)F  	313.288	3.1113	4	2	84.08	3	3	1	0.7276819332
		294.1041		313.288	3.1113	4	2	84.08	3	3	1	0.7276819332
		337.1103		313.288	3.1113	4	2	84.08	3	3	1	0.7276819332
		338.1134		313.288	3.1113	4	2	84.08	3	3	1	0.7276819332
		339.1075		313.288	3.1113	4	2	84.08	3	3	1	0.7276819332
		340.1104		313.288	3.1113	4	2	84.08	3	3	1	0.7276819332
		383.1532		313.288	3.1113	4	2	84.08	3	3	1	0.7276819332
		171.0672		313.288	3.1113	4	2	84.08	3	3	1	0.7276819332
