molecule,number,FDA,approved,name,mz,smiles,mw,alogp,hba,hbd,psa,rotb,arom,alerts,qed,pains,fsp3,cacao,half,life,logs,logd,bioconcen,igc50,lc50fm,lc50dm,npscore,chelator,Nr-ar,Nr-ar-lbd,Nr-ahr,Nr-aromatase,Nr-er,Nr-er-lbd,Nr-ppar-gamma,Sr-are,Sr-atad5,Sr-hse,Sr-mmp,Sr-p53
120,hycanthone,101.1156,CCN(CC)CCNC1=C2C(=C(C=C1)CO)SC3=CC=CC=C3C2=O  ,356.491,3.6607,4,2,52.57,7,3,1,0.6345068076,,,,0,0.35,-4.757,,,,,,,,,-1.008,0,0,1,1,0.4,0.6,0.8,1,1,1,0.4,0.8,1
,,254.0633,,356.491,3.6607,4,2,52.57,7,3,1,0.6345068076,,,,0,0.35,-4.757,,,,,,,,,-1.008,0,0,1,1,0.4,0.6,0.8,1,1,1,0.4,0.8,1
,,255.0664,,356.491,3.6607,4,2,52.57,7,3,1,0.6345068076,,,,0,0.35,-4.757,,,,,,,,,-1.008,0,0,1,1,0.4,0.6,0.8,1,1,1,0.4,0.8,1
,,284.074,,356.491,3.6607,4,2,52.57,7,3,1,0.6345068076,,,,0,0.35,-4.757,,,,,,,,,-1.008,0,0,1,1,0.4,0.6,0.8,1,1,1,0.4,0.8,1
,,285.077,,356.491,3.6607,4,2,52.57,7,3,1,0.6345068076,,,,0,0.35,-4.757,,,,,,,,,-1.008,0,0,1,1,0.4,0.6,0.8,1,1,1,0.4,0.8,1
,,357.1635,,356.491,3.6607,4,2,52.57,7,3,1,0.6345068076,,,,0,0.35,-4.757,,,,,,,,,-1.008,0,0,1,1,0.4,0.6,0.8,1,1,1,0.4,0.8,1
,,358.1666,,356.491,3.6607,4,2,52.57,7,3,1,0.6345068076,,,,0,0.35,-4.757,,,,,,,,,-1.008,0,0,1,1,0.4,0.6,0.8,1,1,1,0.4,0.8,1
,,359.162,,356.491,3.6607,4,2,52.57,7,3,1,0.6345068076,,,,0,0.35,-4.757,,,,,,,,,-1.008,0,0,1,1,0.4,0.6,0.8,1,1,1,0.4,0.8,1
,,123.0242,,356.491,3.6607,4,2,52.57,7,3,1,0.6345068076,,,,0,0.35,-4.757,,,,,,,,,,,,,,,,,,,,,,
