molecule,number,FDA,approved,name,mz,smiles,mw,alogp,hba,hbd,psa,rotb,arom,alerts,qed,pains,fsp3,cacao,half,life,logs,logd,bioconcen,igc50,lc50fm,lc50dm,npscore,chelator,Nr-ar,Nr-ar-lbd,Nr-ahr,Nr-aromatase,Nr-er,Nr-er-lbd,Nr-ppar-gamma,Sr-are,Sr-atad5,Sr-hse,Sr-mmp,Sr-p53
46,fosinopril,177.1136,CCC(=O)OC(C(C)C)OP(=O)(CCCCC1=CC=CC=C1)CC(=O)N2C[C@@H](C[C@H]2C(=O)O)C3CCCCC3  ,563.672,6.1213,7,1,110.21,14,1,4,0.1256311117,,,,0,0.7,-5.755,,,,,,,,,0.134,0,0.4,0,0,0.8,0,0,1,0.2,0,0,0.2,0
,,221.14,,563.672,6.1213,7,1,110.21,14,1,4,0.1256311117,,,,0,0.7,-5.755,,,,,,,,,0.134,0,0.4,0,0,0.8,0,0,1,0.2,0,0,0.2,0
,,265.1641,,563.672,6.1213,7,1,110.21,14,1,4,0.1256311117,,,,0,0.7,-5.755,,,,,,,,,0.134,0,0.4,0,0,0.8,0,0,1,0.2,0,0,0.2,0
,,418.2173,,563.672,6.1213,7,1,110.21,14,1,4,0.1256311117,,,,0,0.7,-5.755,,,,,,,,,0.134,0,0.4,0,0,0.8,0,0,1,0.2,0,0,0.2,0
,,436.2278,,563.672,6.1213,7,1,110.21,14,1,4,0.1256311117,,,,0,0.7,-5.755,,,,,,,,,0.134,0,0.4,0,0,0.8,0,0,1,0.2,0,0,0.2,0
,,437.229,,563.672,6.1213,7,1,110.21,14,1,4,0.1256311117,,,,0,0.7,-5.755,,,,,,,,,0.134,0,0.4,0,0,0.8,0,0,1,0.2,0,0,0.2,0
,,459.2752,,563.672,6.1213,7,1,110.21,14,1,4,0.1256311117,,,,0,0.7,-5.755,,,,,,,,,0.134,0,0.4,0,0,0.8,0,0,1,0.2,0,0,0.2,0
,,126.0909,,563.672,6.1213,7,1,110.21,14,1,4,0.1256311117,,,,0,0.7,-5.755,,,,,,,,,0.134,0,0.4,0,0,0.8,0,0,1,0.2,0,0,0.2,0
,,127.0939,,563.672,6.1213,7,1,110.21,14,1,4,0.1256311117,,,,0,0.7,-5.755,,,,,,,,,,,,,,,,,,,,,,
