molecule number	FDA approved name	mz	smiles	mw	alogp	hba	hbd	psa	rotb	arom	alerts	qed
3	risperidone	192.1233	CC1=C(C(=O)N2CCCCC2=N1)CCN3CCC(CC3)C4=NOC5=C4C=CC(=C5)F  	410.493	3.59042	5	0	64.16	4	3	0	0.6577452186
		193.1261		410.493	3.59042	5	0	64.16	4	3	0	0.6577452186
		411.2246		410.493	3.59042	5	0	64.16	4	3	0	0.6577452186
		412.2272		410.493	3.59042	5	0	64.16	4	3	0	0.6577452186
		413.2299		410.493	3.59042	5	0	64.16	4	3	0	0.6577452186
		43		410.493	3.59042	5	0	64.16	4	3	0	0.6577452186
