molecule,number,FDA,approved,name,mz,smiles,mw,alogp,hba,hbd,psa,rotb,arom,alerts,qed,pains,fsp3,cacao,half,life,logs,logd,bioconcen,igc50,lc50fm,lc50dm,npscore,chelator,Nr-ar,Nr-ar-lbd,Nr-ahr,Nr-aromatase,Nr-er,Nr-er-lbd,Nr-ppar-gamma,Sr-are,Sr-atad5,Sr-hse,Sr-mmp,Sr-p53
151,folic,acid,176.0563,C1=CC(=CC=C1C(=O)N[C@@H](CCC(=O)O)C(=O)O)NCC2=CN=C3C(=N2)C(=O)NC(=N3)N  ,441.404,-0.044799999,11,6,213.28,9,3,0,0.2588540145,,,0,0.211,-6.74,,,,,,,,,-0.426,0,0,0,0.2,0,0,0,0,0.4,0,0,0,0.2
,,295.0928,,441.404,-0.044799999,11,6,213.28,9,3,0,0.2588540145,,,,0,0.211,-6.74,,,,,,,,,-0.426,0,0,0,0.2,0,0,0,0,0.4,0,0,0,0.2
,,295.1377,,441.404,-0.044799999,11,6,213.28,9,3,0,0.2588540145,,,,0,0.211,-6.74,,,,,,,,,-0.426,0,0,0,0.2,0,0,0,0,0.4,0,0,0,0.2
,,295.157,,441.404,-0.044799999,11,6,213.28,9,3,0,0.2588540145,,,,0,0.211,-6.74,,,,,,,,,-0.426,0,0,0,0.2,0,0,0,0,0.4,0,0,0,0.2
,,295.1836,,441.404,-0.044799999,11,6,213.28,9,3,0,0.2588540145,,,,0,0.211,-6.74,,,,,,,,,-0.426,0,0,0,0.2,0,0,0,0,0.4,0,0,0,0.2
,,115.0391,,441.404,-0.044799999,11,6,213.28,9,3,0,0.2588540145,,,,0,0.211,-6.74,,,,,,,,,-0.426,0,0,0,0.2,0,0,0,0,0.4,0,0,0,0.2
,,,,,,,,,,,,,,,,0,0.211,-6.74,,,,,,,,,-0.426,0,0,0,0.2,0,0,0,0,0.4,0,0,0,0.2
,,,,,,,,,,,,,,,,,,,,,,,,,,,-0.426,0,0,0,0.2,0,0,0,0,0.4,0,0,0,0.2
