molecule number	FDA approved name	mz	smiles	mw	alogp	hba	hbd	psa	rotb	arom	alerts	qed
5	Piperacetazine	170.1543	CC(=O)C1=CC2=C(C=C1)SC3=CC=CC=C3N2CCCN4CCC(CC4)CCO  	410.583	4.9764	5	1	43.78	7	2	1	0.652572857
		254.0635		410.583	4.9764	5	1	43.78	7	2	1	0.652572857
		411.2088		410.583	4.9764	5	1	43.78	7	2	1	0.652572857
		103.0546		410.583	4.9764	5	1	43.78	7	2	1	0.652572857
