molecule number	FDA approved name	mz	smiles	mw	alogp	hba	hbd	psa	rotb	arom	alerts	qed
19	Azithromycin	592.4231	 CC[C@@H]1[C@@]([C@@H]([C@H](N(C[C@@H](C[C@@]([C@@H]([C@H]([C@@H]([C@H](C(=O)O1)C)O[C@H]2C[C@@]([C@H]([C@@H](O2)C)O)(C)OC)C)O[C@H]3[C@@H]([C@H](C[C@H](O3)C)N(C)C)O)(C)O)C)C)C)O)(C)O  	748.996	1.9007	14	5	180.08	7	0	1	0.2384754412
		749.5173		748.996	1.9007	14	5	180.08	7	0	1	0.2384754412
		750.5211		748.996	1.9007	14	5	180.08	7	0	1	0.2384754412
		751.5251		748.996	1.9007	14	5	180.08	7	0	1	0.2384754412
		752.5273		748.996	1.9007	14	5	180.08	7	0	1	0.2384754412
		158.9618		748.996	1.9007	14	5	180.08	7	0	1	0.2384754412
