molecule number	FDA approved name	mz	smiles	mw	alogp	hba	hbd	psa	rotb	arom	alerts	qed
179	acetaminophen	110.0593	CC(=O)NC1=CC=C(C=C1)O  	151.16	1.3506	2	2	49.33	1	1	1	0.5950261968
		134.0587		151.16	1.3506	2	2	49.33	1	1	1	0.5950261968
		135.0626		151.16	1.3506	2	2	49.33	1	1	1	0.5950261968
		152.0691		151.16	1.3506	2	2	49.33	1	1	1	0.5950261968
		153.0725		151.16	1.3506	2	2	49.33	1	1	1	0.5950261968
		57.3		151.16	1.3506	2	2	49.33	1	1	1	0.5950261968
