molecule number	FDA approved name	mz	smiles	mw	alogp	hba	hbd	psa	rotb	arom	alerts	qed
121	droperidol	165.0714	C1CN(CC=C1N2C3=CC=CC=C3NC2=O)CCCC(=O)C4=CC=C(C=C4)F  	379.435	3.6784	3	1	58.1	6	3	1	0.6649515564
		166.0748		379.435	3.6784	3	1	58.1	6	3	1	0.6649515564
		187.0873		379.435	3.6784	3	1	58.1	6	3	1	0.6649515564
		194.0987		379.435	3.6784	3	1	58.1	6	3	1	0.6649515564
		195.1012		379.435	3.6784	3	1	58.1	6	3	1	0.6649515564
		196.1051		379.435	3.6784	3	1	58.1	6	3	1	0.6649515564
		380.1792		379.435	3.6784	3	1	58.1	6	3	1	0.6649515564
		381.1828		379.435	3.6784	3	1	58.1	6	3	1	0.6649515564
		341.1381		379.435	3.6784	3	1	58.1	6	3	1	0.6649515564
