molecule,number,FDA,approved,name,mz,smiles,mw,alogp,hba,hbd,psa,rotb,arom,alerts,qed,pains,fsp3,cacao,half,life,logs,logd,bioconcen,igc50,lc50fm,lc50dm,npscore,chelator,Nr-ar,Nr-ar-lbd,Nr-ahr,Nr-aromatase,Nr-er,Nr-er-lbd,Nr-ppar-gamma,Sr-are,Sr-atad5,Sr-hse,Sr-mmp,Sr-p53
87,flumequine,220.0386,CC1CCC2=C3N1C=C(C(=O)C3=CC(=C2)F)C(=O)O ,261.252,2.346,3,1,59.3,1,2,0,0.8567514806,,,,0,0.286,-4.668,,,,,,,,,-0.502,0,0.4,0,0.2,0,0.2,0,0.2,0.4,0,0,0,0
,,244.0763,,261.252,2.346,3,1,59.3,1,2,0,0.8567514806,,,,0,0.286,-4.668,,,,,,,,,-0.502,0,0.4,0,0.2,0,0.2,0,0.2,0.4,0,0,0,0
,,245.0794,,261.252,2.346,3,1,59.3,1,2,0,0.8567514806,,,,0,0.286,-4.668,,,,,,,,,-0.502,0,0.4,0,0.2,0,0.2,0,0.2,0.4,0,0,0,0
,,246.0817,,261.252,2.346,3,1,59.3,1,2,0,0.8567514806,,,,0,0.286,-4.668,,,,,,,,,-0.502,0,0.4,0,0.2,0,0.2,0,0.2,0.4,0,0,0,0
,,262.087,,261.252,2.346,3,1,59.3,1,2,0,0.8567514806,,,,0,0.286,-4.668,,,,,,,,,-0.502,0,0.4,0,0.2,0,0.2,0,0.2,0.4,0,0,0,0
,,263.0901,,261.252,2.346,3,1,59.3,1,2,0,0.8567514806,,,,0,0.286,-4.668,,,,,,,,,-0.502,0,0.4,0,0.2,0,0.2,0,0.2,0.4,0,0,0,0
,,264.0925,,261.252,2.346,3,1,59.3,1,2,0,0.8567514806,,,,0,0.286,-4.668,,,,,,,,,-0.502,0,0.4,0,0.2,0,0.2,0,0.2,0.4,0,0,0,0
,,123.1,,261.252,2.346,3,1,59.3,1,2,0,0.8567514806,,,,0,0.286,-4.668,,,,,,,,,-0.502,0,0.4,0,0.2,0,0.2,0,0.2,0.4,0,0,0,0
,,,,,,,,,,,,,,,,,,,,,,,,,,,-0.502,0,0.4,0,0.2,0,0.2,0,0.2,0.4,0,0,0,0
