molecule number	FDA approved name	mz	smiles	mw	alogp	hba	hbd	psa	rotb	arom	alerts	qed
149	sulpiride	214.0162	CCN1CCCC1CNC(=O)C2=C(C=CC(=C2)S(=O)(=O)N)OC  	341.433	0.5567	5	2	101.73	6	1	0	0.786943
		342.149		341.433	0.5567	5	2	101.73	6	1	0	0.786943
		343.1514		341.433	0.5567	5	2	101.73	6	1	0	0.786943
		344.1468		341.433	0.5567	5	2	101.73	6	1	0	0.786943
		119.0854		341.433	0.5567	5	2	101.73	6	1	0	0.786943
