molecule,number,FDA,approved,name,mz,smiles,mw,alogp,hba,hbd,psa,rotb,arom,alerts,qed,pains,fsp3,cacao,half,life,logs,logd,bioconcen,igc50,lc50fm,lc50dm,npscore,chelator,Nr-ar,Nr-ar-lbd,Nr-ahr,Nr-aromatase,Nr-er,Nr-er-lbd,Nr-ppar-gamma,Sr-are,Sr-atad5,Sr-hse,Sr-mmp,Sr-p53
119,mooclobemide,140.9902,Clc1ccc(cc1)C(=O)NCCN2CCOCC2,268.744,1.402,3,1,41.57,4,1,0,0.8976306233,,,,0,0.462,-4.607,,,,,,,,,-2.062,0,0,0,0,0,0.4,0,0,0.2,0,0,0,0
,,182.0357,,268.744,1.402,3,1,41.57,4,1,0,0.8976306233,,,,0,0.462,-4.607,,,,,,,,,-2.062,0,0,0,0,0,0.4,0,0,0.2,0,0,0,0
,,183.0388,,268.744,1.402,3,1,41.57,4,1,0,0.8976306233,,,,0,0.462,-4.607,,,,,,,,,-2.062,0,0,0,0,0,0.4,0,0,0.2,0,0,0,0
,,184.0328,,268.744,1.402,3,1,41.57,4,1,0,0.8976306233,,,,0,0.462,-4.607,,,,,,,,,-2.062,0,0,0,0,0,0.4,0,0,0.2,0,0,0,0
,,185.0356,,268.744,1.402,3,1,41.57,4,1,0,0.8976306233,,,,0,0.462,-4.607,,,,,,,,,-2.062,0,0,0,0,0,0.4,0,0,0.2,0,0,0,0
,,269.1046,,268.744,1.402,3,1,41.57,4,1,0,0.8976306233,,,,0,0.462,-4.607,,,,,,,,,-2.062,0,0,0,0,0,0.4,0,0,0.2,0,0,0,0
,,270.1075,,268.744,1.402,3,1,41.57,4,1,0,0.8976306233,,,,0,0.462,-4.607,,,,,,,,,-2.062,0,0,0,0,0,0.4,0,0,0.2,0,0,0,0
,,271.1013,,268.744,1.402,3,1,41.57,4,1,0,0.8976306233,,,,0,0.462,-4.607,,,,,,,,,-2.062,0,0,0,0,0,0.4,0,0,0.2,0,0,0,0
,,100.1124,,268.744,1.402,3,1,41.57,4,1,0,0.8976306233,,,,,,,,,,,,,,,,,,,,,,,,,,,,
