molecule,number,FDA,approved,name,mz,smiles,mw,alogp,hba,hbd,psa,rotb,arom,alerts,qed,pains,fsp3,cacao,half,life,logs,logd,bioconcen,igc50,lc50fm,lc50dm,npscore,chelator,Nr-ar,Nr-ar-lbd,Nr-ahr,Nr-aromatase,Nr-er,Nr-er-lbd,Nr-ppar-gamma,Sr-are,Sr-atad5,Sr-hse,Sr-mmp,Sr-p53
123,meloxicam,116.0298,CC1=CN=C(S1)NC(=O)C2=C(C3=CC=CC=C3S(=O)(=O)N2C)O ,351.409,1.95092,5,2,99.6,2,2,0,0.8613672077,,,,0,0.214,-4.997,,,,,,,,,-1.205,0,0,0,0.4,0,0.2,0,0,0.6,0,0,0.4,0.8
,,141.0059,,351.409,1.95092,5,2,99.6,2,2,0,0.8613672077,,,,0,0.214,-4.997,,,,,,,,,-1.205,0,0,0,0.4,0,0.2,0,0,0.6,0,0,0.4,0.8
,,142.0079,,351.409,1.95092,5,2,99.6,2,2,0,0.8613672077,,,,0,0.214,-4.997,,,,,,,,,-1.205,0,0,0,0.4,0,0.2,0,0,0.6,0,0,0.4,0.8
,,184.0477,,351.409,1.95092,5,2,99.6,2,2,0,0.8613672077,,,,0,0.214,-4.997,,,,,,,,,-1.205,0,0,0,0.4,0,0.2,0,0,0.6,0,0,0.4,0.8
,,194.02,,351.409,1.95092,5,2,99.6,2,2,0,0.8613672077,,,,0,0.214,-4.997,,,,,,,,,-1.205,0,0,0,0.4,0,0.2,0,0,0.6,0,0,0.4,0.8
,,352.0386,,351.409,1.95092,5,2,99.6,2,2,0,0.8613672077,,,,0,0.214,-4.997,,,,,,,,,-1.205,0,0,0,0.4,0,0.2,0,0,0.6,0,0,0.4,0.8
,,249.0903,,351.409,1.95092,5,2,99.6,2,2,0,0.8613672077,,,,0,0.214,-4.997,,,,,,,,,-1.205,0,0,0,0.4,0,0.2,0,0,0.6,0,0,0.4,0.8
