molecule number	FDA approved name	mz	smiles	mw	alogp	hba	hbd	psa	rotb	arom	alerts	qed
36	celecoxib	302.1011	CC1=CC=C(C=C1)C2=CC(=NN2C3=CC=C(C=C3)S(=O)(=O)N)C(F)(F)F  	308.333	3.6096	4	1	67.51	4	3	1	0.7476258148
		303.1093		308.333	3.6096	4	1	67.51	4	3	1	0.7476258148
		332.0777		308.333	3.6096	4	1	67.51	4	3	1	0.7476258148
		362.0775		308.333	3.6096	4	1	67.51	4	3	1	0.7476258148
		363.0779		308.333	3.6096	4	1	67.51	4	3	1	0.7476258148
		382.0832		308.333	3.6096	4	1	67.51	4	3	1	0.7476258148
		383.0857		308.333	3.6096	4	1	67.51	4	3	1	0.7476258148
		384.0823		308.333	3.6096	4	1	67.51	4	3	1	0.7476258148
		116.1061		308.333	3.6096	4	1	67.51	4	3	1	0.7476258148
