molecule number	FDA approved name	mz	smiles	mw	alogp	hba	hbd	psa	rotb	arom	alerts	qed
95	norfloxacin	256.1427	CCN1C=C(C(=O)C2=CC(=C(C=C21)N3CCNCC3)F)C(=O)O  	319.336	1.2683	5	2	74.57	3	2	0	0.8910262977
		276.15		319.336	1.2683	5	2	74.57	3	2	0	0.8910262977
		277.1542		319.336	1.2683	5	2	74.57	3	2	0	0.8910262977
		302.1291		319.336	1.2683	5	2	74.57	3	2	0	0.8910262977
		303.1324		319.336	1.2683	5	2	74.57	3	2	0	0.8910262977
		320.1403		319.336	1.2683	5	2	74.57	3	2	0	0.8910262977
		321.1428		319.336	1.2683	5	2	74.57	3	2	0	0.8910262977
		322.1454		319.336	1.2683	5	2	74.57	3	2	0	0.8910262977
		156.0108		319.336	1.2683	5	2	74.57	3	2	0	0.8910262977
