molecule,number,FDA,approved,name,mz,smiles,mw,alogp,hba,hbd,psa,rotb,arom,alerts,qed,pains,fsp3,cacao,half,life,logs,logd,bioconcen,igc50,lc50fm,lc50dm,npscore,chelator,Nr-ar,Nr-ar-lbd,Nr-ahr,Nr-aromatase,Nr-er,Nr-er-lbd,Nr-ppar-gamma,Sr-are,Sr-atad5,Sr-hse,Sr-mmp,Sr-p53
48,flubendazole,282.1035,COC(=O)NC1=NC2=C(N1)C=C(C=C2)C(=O)C3=CC=C(C=C3)F  ,313.288,3.1113,4,2,84.08,3,3,1,0.7276819332,,,,0,0.062,-4.479,,,,,,,,,-1.063,0,0.4,0,1,0.6,0.4,0.2,0,0.4,0.2,0,0.4,0.4
,,294.1041,,313.288,3.1113,4,2,84.08,3,3,1,0.7276819332,,,,0,0.062,-4.479,,,,,,,,,-1.063,0,0.4,0,1,0.6,0.4,0.2,0,0.4,0.2,0,0.4,0.4
,,337.1103,,313.288,3.1113,4,2,84.08,3,3,1,0.7276819332,,,,0,0.062,-4.479,,,,,,,,,-1.063,0,0.4,0,1,0.6,0.4,0.2,0,0.4,0.2,0,0.4,0.4
,,338.1134,,313.288,3.1113,4,2,84.08,3,3,1,0.7276819332,,,,0,0.062,-4.479,,,,,,,,,-1.063,0,0.4,0,1,0.6,0.4,0.2,0,0.4,0.2,0,0.4,0.4
,,339.1075,,313.288,3.1113,4,2,84.08,3,3,1,0.7276819332,,,,0,0.062,-4.479,,,,,,,,,-1.063,0,0.4,0,1,0.6,0.4,0.2,0,0.4,0.2,0,0.4,0.4
,,340.1104,,313.288,3.1113,4,2,84.08,3,3,1,0.7276819332,,,,0,0.062,-4.479,,,,,,,,,-1.063,0,0.4,0,1,0.6,0.4,0.2,0,0.4,0.2,0,0.4,0.4
,,383.1532,,313.288,3.1113,4,2,84.08,3,3,1,0.7276819332,,,,0,0.062,-4.479,,,,,,,,,-1.063,0,0.4,0,1,0.6,0.4,0.2,0,0.4,0.2,0,0.4,0.4
,,171.0672,,313.288,3.1113,4,2,84.08,3,3,1,0.7276819332,,,,0,0.062,-4.479,,,,,,,,,-1.063,0,0.4,0,1,0.6,0.4,0.2,0,0.4,0.2,0,0.4,0.4
