molecule number	FDA approved name	mz	smiles	mw	alogp	hba	hbd	psa	rotb	arom	alerts	qed
193	flucytosine	113.015	C1=NC(=O)NC(=C1F)N  	129.094	-0.5088	3	2	71.77	0	1	0	0.4952172017
		130.0405		129.094	-0.5088	3	2	71.77	0	1	0	0.4952172017
		91.0547		129.094	-0.5088	3	2	71.77	0	1	0	0.4952172017
