molecule,number,FDA,approved,name,mz,smiles,mw,alogp,hba,hbd,psa,rotb,arom,alerts,qed,pains,fsp3,cacao,half,life,logs,logd,bioconcen,igc50,lc50fm,lc50dm,npscore,chelator,Nr-ar,Nr-ar-lbd,Nr-ahr,Nr-aromatase,Nr-er,Nr-er-lbd,Nr-ppar-gamma,Sr-are,Sr-atad5,Sr-hse,Sr-mmp,Sr-p53
85,pentoxifylline,139.0676,CC(=O)CCCCN1C(=O)C2=C(N=CN2C)N(C1=O)C,278.312,0.193,4,0,78.89,5,2,1,0.7314900236,,,,0,0.538,-4.804,,,,,,,,,-0.861,0,0,0,0,0,0,0,0,0,0,0,0,0
,,156.0756,,278.312,0.193,4,0,78.89,5,2,1,0.7314900236,,,,0,0.538,-4.804,,,,,,,,,-0.861,0,0,0,0,0,0,0,0,0,0,0,0,0
,,181.071,,278.312,0.193,4,0,78.89,5,2,1,0.7314900236,,,,0,0.538,-4.804,,,,,,,,,-0.861,0,0,0,0,0,0,0,0,0,0,0,0,0
,,182.0739,,278.312,0.193,4,0,78.89,5,2,1,0.7314900236,,,,0,0.538,-4.804,,,,,,,,,-0.861,0,0,0,0,0,0,0,0,0,0,0,0,0
,,221.1023,,278.312,0.193,4,0,78.89,5,2,1,0.7314900236,,,,0,0.538,-4.804,,,,,,,,,-0.861,0,0,0,0,0,0,0,0,0,0,0,0,0
,,279.1449,,278.312,0.193,4,0,78.89,5,2,1,0.7314900236,,,,0,0.538,-4.804,,,,,,,,,-0.861,0,0,0,0,0,0,0,0,0,0,0,0,0
,,280.1478,,278.312,0.193,4,0,78.89,5,2,1,0.7314900236,,,,0,0.538,-4.804,,,,,,,,,-0.861,0,0,0,0,0,0,0,0,0,0,0,0,0
,,57.1,,278.312,0.193,4,0,78.89,5,2,1,0.7314900236,,,,0,0.538,-4.804,,,,,,,,,-0.861,0,0,0,0,0,0,0,0,0,0,0,0,0
